Event ID,Player,Teams,Maps,Rounds,K-D Diff,K/D,Rating2.0,Rating1.0
7148,m0NESY,G2,14,314,95,1.55,1.37,
7148,donk,Spirit,8,191,43,1.33,1.35,
7148,Brollan,MOUZ,6,118,18,1.23,1.3,
7148,torzsi,MOUZ,6,118,24,1.34,1.27,
7148,Ax1Le,Cloud9,8,158,23,1.22,1.27,
7148,XANTARES,Eternal Fire,8,170,19,1.18,1.25,
7148,jL,Natus Vincere,18,404,60,1.23,1.22,
7148,Jimpphat,MOUZ,6,118,19,1.27,1.21,
7148,broky,FaZe,17,355,56,1.27,1.21,
7148,sh1ro,Spirit,8,191,36,1.35,1.19,
7148,MAJ3R,Eternal Fire,8,170,22,1.22,1.17,
7148,frozen,FaZe,17,355,26,1.11,1.17,
7148,Jame,Virtus.pro,9,191,34,1.32,1.16,
7148,Spinx,Vitality,11,240,19,1.12,1.16,
7148,flameZ,Vitality,11,240,12,1.08,1.16,
7148,electroNic,Cloud9,8,158,7,1.07,1.15,
7148,biguzera,paiN,9,216,-1,0.99,1.15,
7148,ZywOo,Vitality,11,240,13,1.09,1.14,
7148,n0rb3r7,Virtus.pro,9,191,1,1.01,1.13,
7148,NiKo,G2,14,314,14,1.07,1.11,
7148,hallzerk,Complexity,9,203,6,1.04,1.11,
7148,w0nderful,Natus Vincere,18,404,45,1.18,1.11,
7148,xertioN,MOUZ,6,118,4,1.05,1.1,
7148,Wicadia,Eternal Fire,8,170,11,1.1,1.1,
7148,HObbit,Cloud9,8,158,0,1.0,1.09,
7148,KSCERATO,FURIA,5,106,4,1.06,1.08,
7148,nicoodoz,HEROIC,5,119,1,1.01,1.08,
7148,bLitz,TheMongolz,5,131,-9,0.91,1.08,
7148,huNter-,G2,14,314,10,1.05,1.07,
7148,b1t,Natus Vincere,18,404,1,1.0,1.07,
7148,zont1x,Spirit,8,191,0,1.0,1.06,
7148,Perfecto,Cloud9,8,158,6,1.07,1.06,
7148,EliGE,Complexity,9,203,-10,0.93,1.05,
7148,nexa,G2,14,314,18,1.1,1.05,
7148,ropz,FaZe,17,355,23,1.11,1.05,
7148,mir,Virtus.pro,9,191,-1,0.99,1.04,
7148,Patti,ECSTATIC,8,175,-15,0.88,1.04,
7148,woxic,Eternal Fire,8,170,-1,0.99,1.03,
7148,mezii,Vitality,11,240,-5,0.97,1.03,
7148,FL1T,Virtus.pro,9,191,-18,0.86,1.03,
7148,n1ssim,paiN,9,216,-1,0.99,1.03,
7148,magixx,Spirit,8,191,-4,0.97,1.02,
7148,Boombl4,Cloud9,8,158,3,1.03,1.02,
7148,sjuush,HEROIC,5,119,-7,0.92,1.02,
7148,lux,paiN,9,216,-21,0.86,1.02,
7148,kraghen,ECSTATIC,8,175,-14,0.89,1.02,
7148,910,TheMongolz,5,131,5,1.06,1.01,
7148,decenty,Imperial,6,119,-3,0.96,1.0,
7148,chopper,Spirit,8,191,-16,0.88,1.0,
7148,Senzu,TheMongolz,5,131,-13,0.86,0.99,
7148,Queenix,ECSTATIC,8,175,0,1.0,0.99,
7148,HEN1,Imperial,6,119,-4,0.95,0.98,
7148,fame,Virtus.pro,9,191,-19,0.85,0.98,
7148,rain,FaZe,17,355,-39,0.85,0.98,
7148,Grim,Complexity,9,203,-15,0.9,0.98,
7148,Calyx,Eternal Fire,8,170,-2,0.98,0.98,
7148,Techno,TheMongolz,5,131,-7,0.92,0.98,
7148,VINI,Imperial,6,119,-14,0.84,0.97,
7148,apEX,Vitality,11,240,-21,0.87,0.97,
7148,yuurih,FURIA,5,106,-9,0.88,0.97,
7148,karrigan,FaZe,17,355,-40,0.84,0.96,
7148,JT,Complexity,9,203,-20,0.87,0.96,
7148,HooXi,G2,14,314,-30,0.86,0.96,
7148,kyxsan,HEROIC,5,119,-9,0.89,0.95,
7148,FalleN,FURIA,5,106,-5,0.93,0.95,
7148,nqz,paiN,9,216,-3,0.98,0.95,
7148,Nodios,ECSTATIC,8,175,-19,0.84,0.94,
7148,mzinho,TheMongolz,5,131,-19,0.8,0.93,
7148,kauez,paiN,9,216,-22,0.87,0.92,
7148,TeSeS,HEROIC,5,119,-14,0.84,0.91,
7148,iM,Natus Vincere,18,404,-68,0.77,0.88,
7148,NertZ,HEROIC,5,119,-15,0.81,0.88,
7148,floppy,Complexity,9,203,-30,0.79,0.88,
7148,noway,Imperial,6,119,-13,0.85,0.87,
7148,salazar,ECSTATIC,8,175,-23,0.8,0.86,
7148,felps,Imperial,6,119,-21,0.76,0.85,
7148,siuhy,MOUZ,6,118,-22,0.72,0.85,
7148,Aleksib,Natus Vincere,18,404,-75,0.72,0.85,
7148,arT,FURIA,5,106,-28,0.66,0.84,
7148,chelo,FURIA,5,106,-30,0.61,0.81,
6793,ZywOo,Vitality,10,277,92,1.6,1.39,
6793,iM,GamerLegion,12,306,68,1.34,1.35,
6793,Spinx,Vitality,10,277,50,1.3,1.24,
6793,NAF,Liquid,9,245,32,1.22,1.24,
6793,YEKINDAR,Liquid,9,245,30,1.19,1.2,
6793,broky,FaZe,13,357,58,1.27,1.19,
6793,stavn,HEROIC,11,292,32,1.17,1.19,
6793,NiKo,G2,7,196,21,1.17,1.18,
6793,headtr1ck,Ninjas in Pyjamas,7,196,41,1.37,1.18,
6793,ropz,FaZe,13,357,58,1.27,1.18,
6793,cadiaN,HEROIC,11,292,41,1.25,1.16,
6793,BOROS,Monte,8,205,6,1.04,1.15,
6793,NertZ,ENCE,5,126,14,1.17,1.15,
6793,Magisk,Vitality,10,277,21,1.12,1.14,
6793,jks,G2,7,196,18,1.15,1.14,
6793,gxx-,Bad News Eagles,6,161,12,1.12,1.13,
6793,mezii,fnatic,9,253,24,1.15,1.13,
6793,juanflatroo,Bad News Eagles,6,161,9,1.08,1.12,
6793,oSee,Liquid,9,245,38,1.27,1.11,
6793,dupreeh,Vitality,10,277,11,1.07,1.11,
6793,CYPHER,Into the Breach,10,265,-8,0.96,1.11,
6793,m0NESY,G2,7,196,6,1.05,1.11,
6793,acoR,GamerLegion,12,306,38,1.22,1.11,
6793,jkaem,Apeks,11,303,3,1.01,1.1,
6793,CRUC1AL,Into the Breach,10,265,30,1.2,1.09,
6793,sdy,Monte,8,205,21,1.17,1.08,
6793,Brollan,Ninjas in Pyjamas,7,196,0,1.0,1.08,
6793,Perfecto,Natus Vincere,8,212,13,1.1,1.07,
6793,s1mple,Natus Vincere,8,212,2,1.01,1.07,
6793,huNter-,G2,7,196,12,1.09,1.07,
6793,nawwk,Apeks,11,303,28,1.16,1.07,
6793,Woro2k,Monte,8,205,7,1.05,1.06,
6793,jabbi,HEROIC,11,292,-5,0.97,1.04,
6793,apEX,Vitality,10,277,3,1.02,1.04,
6793,nicoodoz,fnatic,9,253,9,1.05,1.04,
6793,DemQQ,Monte,8,205,0,1.0,1.04,
6793,siuhy,GamerLegion,12,306,0,1.0,1.04,
6793,electroNic,Natus Vincere,8,212,-12,0.92,1.03,
6793,volt,Into the Breach,10,265,11,1.07,1.03,
6793,rallen,Into the Breach,10,265,3,1.02,1.03,
6793,Aleksib,Ninjas in Pyjamas,7,196,3,1.02,1.03,
6793,REZ,Ninjas in Pyjamas,7,196,-5,0.96,1.03,
6793,isak,GamerLegion,12,306,-7,0.96,1.03,
6793,nitr0,Liquid,9,245,-5,0.97,1.03,
6793,kRaSnaL,Monte,8,205,-11,0.92,1.01,
6793,Twistzz,FaZe,13,357,-22,0.91,1.0,
6793,kyxsan,Apeks,11,303,-12,0.94,1.0,
6793,b1t,Natus Vincere,8,212,-10,0.93,1.0,
6793,sjuush,HEROIC,11,292,-14,0.93,0.99,
6793,TeSeS,HEROIC,11,292,-7,0.96,0.99,
6793,rain,FaZe,13,357,-36,0.86,0.99,
6793,Goofy,9INE,4,104,-7,0.91,0.97,
6793,KSCERATO,FURIA,4,94,-7,0.88,0.97,
6793,rigoN,Bad News Eagles,6,161,-19,0.85,0.96,
6793,roeJ,fnatic,9,253,-28,0.85,0.94,
6793,sinnopsyy,Bad News Eagles,6,161,-7,0.94,0.94,
6793,STYKO,Apeks,11,303,-27,0.88,0.94,
6793,KRIMZ,fnatic,9,253,-10,0.94,0.94,
6793,jL,Apeks,11,303,-35,0.84,0.94,
6793,EliGE,Liquid,9,245,-34,0.8,0.93,
6793,FASHR,fnatic,9,253,-34,0.81,0.92,
6793,dycha,ENCE,5,126,-13,0.86,0.92,
6793,SENER1,Bad News Eagles,6,161,-21,0.81,0.91,
6793,Thomas,Into the Breach,10,265,-39,0.8,0.91,
6793,k0nfig,Ninjas in Pyjamas,7,196,-32,0.78,0.91,
6793,SunPayus,ENCE,5,126,-12,0.86,0.91,
6793,hades,9INE,4,104,-5,0.93,0.88,
6793,arT,FURIA,4,94,-16,0.78,0.88,
6793,Keoz,GamerLegion,12,306,-54,0.76,0.86,
6793,Maden,ENCE,5,126,-21,0.78,0.85,
6793,karrigan,FaZe,13,357,-67,0.74,0.82,
6793,Kylar,9INE,4,104,-22,0.72,0.81,
6793,HooXi,G2,7,196,-46,0.66,0.81,
6793,yuurih,FURIA,4,94,-22,0.68,0.79,
6793,Snappi,ENCE,5,126,-38,0.63,0.78,
6793,npl,Natus Vincere,8,212,-51,0.66,0.75,
6793,mynio,9INE,4,104,-30,0.63,0.74,
6793,saffee,FURIA,4,94,-19,0.71,0.69,
6793,KEi,9INE,4,104,-33,0.61,0.68,
6793,drop,FURIA,4,94,-30,0.56,0.61,
6586,sh1ro,Cloud9,7,191,63,1.66,1.35,
6586,KSCERATO,FURIA,10,259,65,1.45,1.33,
6586,Jame,Outsiders,12,314,98,1.67,1.3,
6586,FL1T,Outsiders,12,314,64,1.35,1.25,
6586,fame,Outsiders,12,314,63,1.35,1.24,
6586,Zyphon,Sprout,6,154,33,1.31,1.2,
6586,w0nderful,Spirit,10,269,60,1.41,1.2,
6586,s1mple,Natus Vincere,10,287,42,1.24,1.18,
6586,SunPayus,ENCE,8,200,35,1.3,1.16,
6586,ropz,FaZe,5,153,17,1.17,1.15,
6586,frozen,MOUZ,14,359,49,1.25,1.14,
6586,yuurih,FURIA,10,259,34,1.23,1.13,
6586,Twistzz,FaZe,5,153,15,1.16,1.13,
6586,Perfecto,Natus Vincere,10,287,26,1.15,1.12,
6586,cadiaN,HEROIC,14,347,32,1.15,1.12,
6586,Ax1Le,Cloud9,7,191,2,1.02,1.12,
6586,Patsi,Spirit,10,269,-3,0.98,1.1,
6586,magixx,Spirit,10,269,10,1.06,1.1,
6586,electroNic,Natus Vincere,10,287,9,1.05,1.09,
6586,ZywOo,Vitality,5,166,16,1.16,1.08,
6586,HObbit,Cloud9,7,191,-4,0.97,1.08,
6586,NAF,Liquid,9,224,13,1.1,1.07,
6586,nafany,Cloud9,7,191,4,1.03,1.07,
6586,saffee,FURIA,10,259,16,1.1,1.07,
6586,mezii,fnatic,7,174,5,1.05,1.07,
6586,drop,FURIA,10,259,4,1.02,1.06,
6586,chopper,Spirit,10,269,15,1.09,1.06,
6586,stavn,HEROIC,14,347,3,1.01,1.06,
6586,FASHR,fnatic,7,174,3,1.03,1.05,
6586,dupreeh,Vitality,5,166,1,1.01,1.05,
6586,KRIMZ,fnatic,7,174,2,1.02,1.05,
6586,b1t,Natus Vincere,10,287,8,1.05,1.04,
6586,oSee,Liquid,9,224,15,1.11,1.04,
6586,n0rb3r7,Outsiders,12,314,13,1.07,1.04,
6586,hampus,Ninjas in Pyjamas,4,114,2,1.03,1.03,
6586,Magisk,Vitality,5,166,-11,0.91,1.02,
6586,arT,FURIA,10,259,-11,0.94,1.02,
6586,sdy,Natus Vincere,10,287,-5,0.97,1.01,
6586,sjuush,HEROIC,14,347,-19,0.92,1.01,
6586,roeJ,fnatic,7,174,-17,0.86,1.01,
6586,jabbi,HEROIC,14,347,-7,0.97,1.01,
6586,k1to,BIG,8,205,-10,0.93,1.0,
6586,YEKINDAR,Liquid,9,224,-8,0.95,1.0,
6586,s1ren,Spirit,10,269,-8,0.95,1.0,
6586,Staehr,Sprout,6,154,-15,0.87,1.0,
6586,nicoodoz,fnatic,7,174,-5,0.96,1.0,
6586,syrsoN,BIG,8,205,1,1.01,0.99,
6586,valde,ENCE,8,200,-11,0.92,0.99,
6586,dycha,ENCE,8,200,-7,0.95,0.99,
6586,torzsi,MOUZ,14,359,-2,0.99,0.98,
6586,EliGE,Liquid,9,224,-6,0.96,0.98,
6586,TeSeS,HEROIC,14,347,-21,0.91,0.98,
6586,rain,FaZe,5,153,-13,0.87,0.98,
6586,s1n,BIG,8,205,-23,0.84,0.97,
6586,Spinx,Vitality,5,166,-2,0.98,0.97,
6586,Aleksib,Ninjas in Pyjamas,4,114,-10,0.87,0.97,
6586,Krimbo,BIG,8,205,-8,0.94,0.96,
6586,Maden,ENCE,8,200,-16,0.89,0.95,
6586,broky,FaZe,5,153,0,1.0,0.95,
6586,es3tag,Ninjas in Pyjamas,4,114,-9,0.89,0.94,
6586,Qikert,Outsiders,12,314,-49,0.75,0.94,
6586,xertioN,MOUZ,14,359,-38,0.84,0.94,
6586,REZ,Ninjas in Pyjamas,4,114,-4,0.95,0.93,
6586,JDC,MOUZ,14,359,-36,0.85,0.92,
6586,juanflatroo,Bad News Eagles,7,192,-20,0.86,0.92,
6586,dexter,MOUZ,14,359,-50,0.81,0.92,
6586,Snappi,ENCE,8,200,-24,0.83,0.91,
6586,Brollan,Ninjas in Pyjamas,4,114,-16,0.8,0.91,
6586,interz,Cloud9,7,191,-23,0.79,0.9,
6586,karrigan,FaZe,5,153,-22,0.8,0.89,
6586,rigoN,Bad News Eagles,7,192,-38,0.75,0.88,
6586,apEX,Vitality,5,166,-26,0.76,0.87,
6586,refrezh,Sprout,6,154,-24,0.77,0.87,
6586,gxx-,Bad News Eagles,7,192,-22,0.84,0.85,
6586,lauNX,Sprout,6,154,-28,0.76,0.84,
6586,sinnopsyy,Bad News Eagles,7,192,-37,0.75,0.84,
6586,tabseN,BIG,8,205,-43,0.72,0.82,
6586,nitr0,Liquid,9,224,-54,0.65,0.79,
6586,slaxz-,Sprout,6,154,-37,0.66,0.73,
6586,SENER1,Bad News Eagles,7,192,-59,0.61,0.7,
6372,rain,FaZe,13,365,34,1.14,1.24,
6372,b1t,Natus Vincere,12,324,55,1.28,1.22,
6372,Spinx,ENCE,10,257,44,1.27,1.21,
6372,s1mple,Natus Vincere,12,324,52,1.25,1.2,
6372,m0NESY,G2,9,264,45,1.3,1.19,
6372,stavn,HEROIC,12,332,39,1.18,1.19,
6372,ZywOo,Vitality,10,277,42,1.24,1.19,
6372,fer,Imperial,9,264,34,1.2,1.18,
6372,dycha,ENCE,10,257,27,1.16,1.16,
6372,degster,Spirit,9,257,45,1.34,1.16,
6372,faveN,BIG,6,179,12,1.1,1.16,
6372,Ax1Le,Cloud9,6,174,3,1.03,1.15,
6372,NiKo,G2,9,264,12,1.07,1.13,
6372,syrsoN,BIG,6,179,21,1.2,1.13,
6372,Brollan,Ninjas in Pyjamas,10,245,8,1.05,1.12,
6372,broky,FaZe,13,365,62,1.3,1.12,
6372,NAF,Liquid,4,102,0,1.0,1.12,
6372,ropz,FaZe,13,365,49,1.23,1.12,
6372,cadiaN,HEROIC,12,332,35,1.18,1.12,
6372,electroNic,Natus Vincere,12,324,17,1.08,1.11,
6372,Perfecto,Natus Vincere,12,324,35,1.19,1.11,
6372,yuurih,FURIA,10,260,18,1.11,1.1,
6372,Zyphon,Copenhagen Flames,12,318,19,1.09,1.09,
6372,hampus,Ninjas in Pyjamas,10,245,11,1.07,1.08,
6372,Patsi,Spirit,9,257,5,1.03,1.08,
6372,s1ren,Spirit,9,257,18,1.11,1.07,
6372,nicoodoz,Copenhagen Flames,12,318,31,1.15,1.07,
6372,Twistzz,FaZe,13,365,17,1.08,1.06,
6372,rigoN,Bad News Eagles,4,109,-4,0.95,1.05,
6372,REZ,Ninjas in Pyjamas,10,245,-1,0.99,1.05,
6372,YEKINDAR,Outsiders,6,155,4,1.04,1.05,
6372,magixx,Spirit,9,257,9,1.06,1.05,
6372,TeSeS,HEROIC,12,332,-14,0.94,1.04,
6372,sjuush,HEROIC,12,332,3,1.01,1.03,
6372,Magisk,Vitality,10,277,0,1.0,1.03,
6372,jabbi,Copenhagen Flames,12,318,-1,1.0,1.03,
6372,Qikert,Outsiders,6,155,-8,0.92,1.02,
6372,KSCERATO,FURIA,10,260,2,1.01,1.01,
6372,karrigan,FaZe,13,365,-21,0.92,1.01,
6372,sh1ro,Cloud9,6,174,11,1.11,1.01,
6372,tabseN,BIG,6,179,-14,0.89,1.01,
6372,VINI,Imperial,9,264,-9,0.95,1.01,
6372,buster,Outsiders,6,155,2,1.02,1.0,
6372,chopper,Spirit,9,257,-14,0.92,1.0,
6372,huNter-,G2,9,264,3,1.02,1.0,
6372,es3tag,Ninjas in Pyjamas,10,245,12,1.08,0.99,
6372,Snappi,ENCE,10,257,-22,0.87,0.99,
6372,Maden,ENCE,10,257,-17,0.91,0.99,
6372,boltz,Imperial,9,264,-15,0.91,0.99,
6372,roeJ,Copenhagen Flames,12,318,-24,0.89,0.98,
6372,Jame,Outsiders,6,155,-2,0.98,0.98,
6372,FalleN,Imperial,9,264,-6,0.96,0.98,
6372,JACKZ,G2,9,264,-15,0.91,0.97,
6372,hades,ENCE,10,257,-1,0.99,0.96,
6372,saffee,FURIA,10,260,5,1.03,0.96,
6372,Boombl4,Natus Vincere,12,324,-29,0.86,0.96,
6372,misutaaa,Vitality,10,277,-18,0.91,0.96,
6372,dupreeh,Vitality,10,277,-30,0.84,0.95,
6372,nafany,Cloud9,6,174,-15,0.88,0.95,
6372,HObbit,Cloud9,6,174,-6,0.94,0.95,
6372,interz,Cloud9,6,174,-7,0.93,0.93,
6372,Krimbo,BIG,6,179,-11,0.9,0.93,
6372,apEX,Vitality,10,277,-30,0.85,0.93,
6372,Plopski,Ninjas in Pyjamas,10,245,-23,0.85,0.92,
6372,FL1T,Outsiders,6,155,-18,0.81,0.91,
6372,arT,FURIA,10,260,-63,0.69,0.88,
6372,oSee,Liquid,4,102,-12,0.83,0.87,
6372,Aleksib,G2,9,264,-37,0.77,0.86,
6372,drop,FURIA,10,260,-34,0.81,0.86,
6372,juanflatroo,Bad News Eagles,4,109,-16,0.81,0.86,
6372,sinnopsyy,Bad News Eagles,4,109,-24,0.73,0.86,
6372,tiziaN,BIG,6,179,-37,0.71,0.82,
6372,nitr0,Liquid,4,102,-24,0.69,0.82,
6372,refrezh,HEROIC,12,332,-55,0.76,0.82,
6372,SENER1,Bad News Eagles,4,109,-22,0.72,0.81,
6372,EliGE,Liquid,4,102,-20,0.76,0.81,
6372,fnx,Imperial,9,264,-45,0.74,0.79,
6372,gxx-,Bad News Eagles,4,109,-19,0.74,0.76,
6372,HooXi,Copenhagen Flames,12,318,-74,0.68,0.76,
6372,shox,Liquid,4,102,-36,0.57,0.64,
4866,s1mple,Natus Vincere,10,264,106,1.74,1.47,
4866,NiKo,G2,11,314,71,1.35,1.36,
4866,ZywOo,Vitality,13,357,78,1.36,1.3,
4866,electroNic,Natus Vincere,10,264,46,1.28,1.28,
4866,b1t,Natus Vincere,10,264,61,1.47,1.27,
4866,frozen,MOUZ,7,185,25,1.21,1.22,
4866,sh1ro,Gambit,9,234,49,1.4,1.21,
4866,broky,FaZe,8,218,46,1.35,1.18,
4866,nicoodoz,Copenhagen Flames,9,234,44,1.33,1.16,
4866,stavn,HEROIC,12,325,29,1.13,1.15,
4866,KSCERATO,FURIA,8,212,26,1.21,1.15,
4866,HObbit,Gambit,9,234,15,1.1,1.13,
4866,yuurih,FURIA,8,212,16,1.12,1.13,
4866,sjuush,HEROIC,12,325,31,1.16,1.12,
4866,huNter-,G2,11,314,27,1.13,1.12,
4866,jabbi,Copenhagen Flames,9,234,18,1.12,1.12,
4866,roeJ,Copenhagen Flames,9,234,10,1.06,1.11,
4866,Bymas,MOUZ,7,185,16,1.14,1.11,
4866,nexa,G2,11,314,27,1.14,1.1,
4866,YEKINDAR,Virtus.pro,12,333,0,1.0,1.09,
4866,rain,FaZe,8,218,-1,0.99,1.08,
4866,hampus,Ninjas in Pyjamas,11,291,6,1.03,1.08,
4866,Perfecto,Natus Vincere,10,264,24,1.17,1.08,
4866,Twistzz,FaZe,8,218,17,1.12,1.08,
4866,apEX,Vitality,13,357,-5,0.98,1.06,
4866,Boombl4,Natus Vincere,10,264,8,1.05,1.06,
4866,NAF,Liquid,5,139,9,1.1,1.05,
4866,El1an,Entropiq,10,258,14,1.09,1.05,
4866,Zyphon,Copenhagen Flames,9,234,-4,0.98,1.05,
4866,AMANEK,G2,11,314,17,1.1,1.05,
4866,nafany,Gambit,9,234,1,1.01,1.05,
4866,ropz,MOUZ,7,185,13,1.12,1.05,
4866,device,Ninjas in Pyjamas,11,291,15,1.08,1.04,
4866,TeSeS,HEROIC,12,325,-6,0.97,1.04,
4866,Ax1Le,Gambit,9,234,-9,0.94,1.02,
4866,EliGE,Liquid,5,139,-4,0.96,1.01,
4866,Qikert,Virtus.pro,12,333,-14,0.94,1.01,
4866,VINI,FURIA,8,212,4,1.03,1.01,
4866,buster,Virtus.pro,12,333,-11,0.95,1.0,
4866,refrezh,HEROIC,12,325,-3,0.99,1.0,
4866,FL1T,Virtus.pro,12,333,-17,0.92,0.99,
4866,dupreeh,Astralis,6,151,-7,0.93,0.99,
4866,cadiaN,HEROIC,12,325,-8,0.96,0.99,
4866,olofmeister,FaZe,8,218,-6,0.96,0.99,
4866,MICHU,Evil Geniuses,5,118,-2,0.98,0.99,
4866,shox,Vitality,13,357,-4,0.98,0.99,
4866,FalleN,Liquid,5,139,-11,0.89,0.98,
4866,Brehze,Evil Geniuses,5,118,-12,0.87,0.98,
4866,Jame,Virtus.pro,12,333,5,1.03,0.97,
4866,Stewie2K,Liquid,5,139,-12,0.88,0.96,
4866,drop,FURIA,8,212,-14,0.89,0.96,
4866,Forester,Entropiq,10,258,0,1.0,0.96,
4866,Lack1,Entropiq,10,258,-25,0.86,0.96,
4866,gla1ve,Astralis,6,151,-24,0.79,0.96,
4866,CeRq,Evil Geniuses,5,118,-10,0.88,0.95,
4866,Krad,Entropiq,10,258,-23,0.88,0.95,
4866,Spinx,ENCE,4,95,-3,0.96,0.93,
4866,misutaaa,Vitality,13,357,-33,0.87,0.93,
4866,arT,FURIA,8,212,-28,0.81,0.93,
4866,REZ,Ninjas in Pyjamas,11,291,-26,0.87,0.93,
4866,Magisk,Astralis,6,151,-17,0.84,0.91,
4866,dexter,MOUZ,7,185,-24,0.81,0.91,
4866,interz,Gambit,9,234,-19,0.87,0.9,
4866,HooXi,Copenhagen Flames,9,234,-28,0.83,0.9,
4866,JACKZ,G2,11,314,-38,0.81,0.9,
4866,acoR,MOUZ,7,185,-15,0.88,0.89,
4866,Kyojin,Vitality,13,357,-49,0.8,0.88,
4866,Lucky,Astralis,6,151,-16,0.85,0.88,
4866,Plopski,Ninjas in Pyjamas,11,291,-45,0.77,0.88,
4866,NickelBack,Entropiq,10,258,-39,0.78,0.87,
4866,Grim,Liquid,5,139,-24,0.76,0.87,
4866,oBo,Evil Geniuses,5,118,-30,0.7,0.87,
4866,karrigan,FaZe,8,218,-48,0.7,0.8,
4866,Xyp9x,Astralis,6,151,-34,0.7,0.8,
4866,LNZ,Ninjas in Pyjamas,11,291,-50,0.73,0.79,
4866,Snappi,ENCE,4,95,-25,0.68,0.79,
4866,hades,ENCE,4,95,-20,0.71,0.77,
4866,doto,ENCE,4,95,-25,0.66,0.76,
4866,dycha,ENCE,4,95,-34,0.58,0.73,
4866,stanislaw,Evil Geniuses,5,118,-36,0.59,0.72,
4443,electroNic,Natus Vincere,10,281,62,1.36,1.31,
4443,allu,ENCE,6,143,29,1.32,1.27,
4443,Kjaerbye,North,6,148,30,1.3,1.27,
4443,device,Astralis,13,382,81,1.35,1.26,
4443,sergej,ENCE,6,143,15,1.17,1.24,
4443,EliGE,Liquid,9,271,46,1.26,1.23,
4443,Brehze,NRG,8,249,35,1.22,1.23,
4443,ZywOo,Vitality,9,222,35,1.26,1.22,
4443,s1mple,Natus Vincere,10,281,48,1.32,1.19,
4443,Magisk,Astralis,13,382,39,1.16,1.15,
4443,olofmeister,FaZe,6,162,26,1.26,1.15,
4443,Jame,AVANGAR,13,351,36,1.18,1.14,
4443,jkaem,Renegades,14,390,13,1.05,1.14,
4443,Xyp9x,Astralis,13,382,30,1.13,1.14,
4443,jks,Renegades,14,390,41,1.17,1.13,
4443,ottoNd,CR4ZY,9,259,33,1.21,1.13,
4443,CeRq,NRG,8,249,32,1.21,1.13,
4443,buster,AVANGAR,13,351,26,1.11,1.11,
4443,flamie,Natus Vincere,10,281,24,1.13,1.11,
4443,dupreeh,Astralis,13,382,37,1.16,1.1,
4443,Liazz,Renegades,14,390,32,1.14,1.1,
4443,Aleksib,ENCE,6,143,13,1.15,1.1,
4443,apEX,Vitality,9,222,13,1.09,1.09,
4443,Twistzz,Liquid,9,271,15,1.08,1.09,
4443,NAF,Liquid,9,271,4,1.02,1.09,
4443,tarik,NRG,8,249,10,1.06,1.08,
4443,AMANEK,G2,9,235,4,1.03,1.07,
4443,Boombl4,Natus Vincere,10,281,-9,0.95,1.07,
4443,rain,FaZe,6,162,-5,0.95,1.07,
4443,gade,North,6,148,12,1.12,1.07,
4443,stanislaw,NRG,8,249,3,1.02,1.06,
4443,ALEX,Vitality,9,222,8,1.05,1.05,
4443,valde,North,6,148,2,1.02,1.05,
4443,woxic,MOUZ,7,214,4,1.03,1.05,
4443,Qikert,AVANGAR,13,351,-10,0.96,1.05,
4443,aizy,North,6,148,-11,0.89,1.04,
4443,EspiranTo,CR4ZY,9,259,-12,0.94,1.02,
4443,huNter-,CR4ZY,9,259,-6,0.97,1.02,
4443,nexa,CR4ZY,9,259,-10,0.95,1.02,
4443,chrisJ,MOUZ,7,214,-1,0.99,1.01,
4443,Gratisfaction,Renegades,14,390,-2,0.99,1.0,
4443,RpK,Vitality,9,222,-14,0.91,1.0,
4443,NiKo,FaZe,6,162,-10,0.92,1.0,
4443,SANJI,AVANGAR,13,351,5,1.02,1.0,
4443,Aerial,ENCE,6,143,-6,0.94,0.99,
4443,kennyS,G2,9,235,-3,0.98,0.99,
4443,ropz,MOUZ,7,214,-7,0.95,0.98,
4443,AZR,Renegades,14,390,-6,0.98,0.98,
4443,shox,G2,9,235,-13,0.92,0.98,
4443,xseveN,ENCE,6,143,-1,0.99,0.97,
4443,Zeus,Natus Vincere,10,281,-15,0.92,0.97,
4443,JACKZ,G2,9,235,-16,0.9,0.97,
4443,JUGi,North,6,148,1,1.01,0.97,
4443,Lucky,G2,9,235,-13,0.92,0.97,
4443,Ethan,NRG,8,249,-22,0.87,0.96,
4443,frozen,MOUZ,7,214,-19,0.87,0.96,
4443,gla1ve,Astralis,13,382,-42,0.84,0.95,
4443,Lekr0,Ninjas in Pyjamas,4,98,-4,0.94,0.94,
4443,Stewie2K,Liquid,9,271,-34,0.82,0.92,
4443,NEO,FaZe,6,162,-14,0.87,0.92,
4443,REZ,Ninjas in Pyjamas,4,98,-9,0.87,0.9,
4443,nitr0,Liquid,9,271,-38,0.79,0.9,
4443,AdreN,AVANGAR,13,351,-42,0.81,0.9,
4443,GuardiaN,FaZe,6,162,-13,0.87,0.88,
4443,LUCAS1,MIBR,5,119,-18,0.8,0.88,
4443,TACO,MIBR,5,119,-13,0.85,0.88,
4443,karrigan,MOUZ,7,214,-43,0.74,0.87,
4443,FalleN,MIBR,5,119,-18,0.79,0.86,
4443,NBK-,Vitality,9,222,-41,0.74,0.84,
4443,fer,MIBR,5,119,-23,0.75,0.81,
4443,svyat,DreamEaters,4,98,-22,0.72,0.81,
4443,LETN1,CR4ZY,9,259,-55,0.68,0.78,
4443,Krad,DreamEaters,4,98,-23,0.67,0.75,
4443,speed4k,DreamEaters,4,98,-26,0.63,0.74,
4443,GeT_RiGhT,Ninjas in Pyjamas,4,98,-23,0.69,0.74,
4443,kinqie,DreamEaters,4,98,-24,0.66,0.73,
4443,Forester,DreamEaters,4,98,-22,0.72,0.73,
4443,Golden,Ninjas in Pyjamas,4,98,-24,0.69,0.73,
4443,zews,MIBR,5,119,-46,0.5,0.59,
4443,f0rest,Ninjas in Pyjamas,4,98,-39,0.49,0.54,
3883,device,Astralis,11,265,74,1.52,1.32,
3883,s1mple,Natus Vincere,11,305,76,1.44,1.29,
3883,Xyp9x,Astralis,11,265,73,1.57,1.29,
3883,Magisk,Astralis,11,265,61,1.42,1.28,
3883,coldzera,MIBR,9,227,45,1.31,1.26,
3883,dupreeh,Astralis,11,265,43,1.27,1.24,
3883,stanislaw,Complexity,7,204,26,1.19,1.2,
3883,fer,MIBR,9,227,30,1.21,1.2,
3883,flamie,Natus Vincere,11,305,36,1.19,1.2,
3883,Brehze,NRG,4,135,14,1.15,1.19,
3883,flusha,Cloud9,7,172,11,1.09,1.19,
3883,autimatic,Cloud9,7,172,27,1.26,1.19,
3883,nex,BIG,5,133,17,1.2,1.17,
3883,NiKo,FaZe,10,267,23,1.13,1.15,
3883,REZ,Ninjas in Pyjamas,10,250,24,1.15,1.14,
3883,apEX,Vitality,9,250,16,1.09,1.14,
3883,ZywOo,Vitality,9,250,16,1.09,1.14,
3883,Jame,AVANGAR,7,186,21,1.2,1.13,
3883,electroNic,Natus Vincere,11,305,21,1.11,1.13,
3883,Twistzz,Liquid,6,174,18,1.17,1.13,
3883,jks,Renegades,10,264,26,1.16,1.11,
3883,woxic,HellRaisers,5,121,1,1.01,1.09,
3883,nitr0,Liquid,6,174,10,1.1,1.08,
3883,EliGE,Liquid,6,174,0,1.0,1.07,
3883,xseveN,ENCE,16,435,0,1.0,1.06,
3883,Ethan,NRG,4,135,-1,0.99,1.06,
3883,Lekr0,Ninjas in Pyjamas,10,250,3,1.02,1.06,
3883,Edward,Natus Vincere,11,305,20,1.11,1.06,
3883,gla1ve,Astralis,11,265,9,1.06,1.05,
3883,jkaem,Renegades,10,264,-2,0.99,1.05,
3883,rain,FaZe,10,267,-8,0.96,1.05,
3883,f0rest,Ninjas in Pyjamas,10,250,13,1.08,1.05,
3883,kioShiMa,Cloud9,7,172,5,1.05,1.04,
3883,Stewie2K,Liquid,6,174,-6,0.95,1.04,
3883,GuardiaN,FaZe,10,267,19,1.12,1.03,
3883,Qikert,AVANGAR,7,186,-11,0.92,1.03,
3883,AdreN,FaZe,10,267,12,1.08,1.02,
3883,allu,ENCE,16,435,9,1.03,1.01,
3883,tabseN,BIG,5,133,-10,0.9,1.01,
3883,Aerial,ENCE,16,435,-16,0.95,1.01,
3883,sergej,ENCE,16,435,-24,0.92,1.01,
3883,ShahZaM,Complexity,7,204,-5,0.96,1.01,
3883,FalleN,MIBR,9,227,0,1.0,1.01,
3883,NAF,Liquid,6,174,-4,0.96,1.0,
3883,ISSAA,HellRaisers,5,121,-4,0.95,1.0,
3883,XANTARES,BIG,5,133,-10,0.9,1.0,
3883,RUSH,Cloud9,7,172,-7,0.94,0.98,
3883,Aleksib,ENCE,16,435,-20,0.93,0.98,
3883,kennyS,G2,5,142,-8,0.92,0.97,
3883,felps,MIBR,9,227,-18,0.88,0.96,
3883,FugLy,NRG,4,135,-15,0.84,0.96,
3883,tiziaN,BIG,5,133,-6,0.93,0.96,
3883,TACO,MIBR,9,227,-10,0.93,0.95,
3883,buster,AVANGAR,7,186,-3,0.98,0.95,
3883,Lucky,G2,5,142,-3,0.97,0.95,
3883,Rickeh,Complexity,7,204,-19,0.86,0.94,
3883,Gratisfaction,Renegades,10,264,-13,0.93,0.94,
3883,Zeus,Natus Vincere,11,305,-21,0.89,0.94,
3883,n0thing,Complexity,7,204,-10,0.92,0.94,
3883,JACKZ,G2,5,142,-15,0.86,0.93,
3883,dephh,Complexity,7,204,-11,0.92,0.92,
3883,RpK,Vitality,9,250,-19,0.88,0.92,
3883,CeRq,NRG,4,135,-10,0.89,0.91,
3883,olofmeister,FaZe,10,267,-14,0.91,0.91,
3883,gob b,BIG,5,133,-15,0.83,0.91,
3883,GeT_RiGhT,Ninjas in Pyjamas,10,250,-28,0.84,0.91,
3883,AZR,Renegades,10,264,-28,0.85,0.91,
3883,bodyy,G2,5,142,-23,0.78,0.9,
3883,NBK-,Vitality,9,250,-43,0.76,0.88,
3883,dennis,Ninjas in Pyjamas,10,250,-32,0.82,0.88,
3883,Liazz,Renegades,10,264,-43,0.75,0.87,
3883,ALEX,Vitality,9,250,-32,0.82,0.86,
3883,Zellsis,Cloud9,7,172,-25,0.78,0.86,
3883,shox,G2,5,142,-31,0.73,0.85,
3883,KrizzeN,AVANGAR,7,186,-27,0.79,0.85,
3883,daps,NRG,4,135,-22,0.78,0.85,
3883,fitch,AVANGAR,7,186,-37,0.73,0.81,
3883,HObbit,HellRaisers,5,121,-26,0.72,0.8,
3883,DeadFox,HellRaisers,5,121,-38,0.57,0.71,
3883,ANGE1,HellRaisers,5,121,-45,0.55,0.63,
3564,electroNic,Natus Vincere,10,239,63,1.44,1.36,
3564,s1mple,Natus Vincere,10,239,60,1.45,1.34,
3564,device,Astralis,10,252,58,1.42,1.26,
3564,Magisk,Astralis,10,252,27,1.18,1.25,
3564,olofmeister,FaZe,8,216,28,1.2,1.25,
3564,dupreeh,Astralis,10,252,41,1.28,1.24,
3564,smooya,BIG,6,133,28,1.32,1.24,
3564,NAF,Liquid,8,206,28,1.21,1.24,
3564,NiKo,FaZe,8,216,32,1.23,1.19,
3564,Twistzz,Liquid,8,206,40,1.35,1.19,
3564,flamie,Natus Vincere,10,239,41,1.3,1.18,
3564,coldzera,MIBR,11,269,40,1.25,1.18,
3564,EliGE,Liquid,8,206,20,1.14,1.17,
3564,FalleN,MIBR,11,269,37,1.24,1.17,
3564,woxic,HellRaisers,10,283,42,1.24,1.16,
3564,Xyp9x,Astralis,10,252,29,1.2,1.16,
3564,gla1ve,Astralis,10,252,26,1.18,1.15,
3564,stanislaw,Complexity,5,119,10,1.13,1.15,
3564,shox,G2,6,195,21,1.16,1.15,
3564,ISSAA,HellRaisers,10,283,32,1.16,1.14,
3564,KRIMZ,fnatic,7,177,7,1.05,1.14,
3564,suNny,MOUZ,3,74,2,1.04,1.13,
3564,autimatic,Cloud9,4,131,7,1.08,1.12,
3564,tabseN,BIG,6,133,3,1.03,1.09,
3564,GeT_RiGhT,Ninjas in Pyjamas,7,190,10,1.08,1.09,
3564,kennyS,G2,6,195,11,1.08,1.09,
3564,f0rest,Ninjas in Pyjamas,7,190,13,1.1,1.09,
3564,fer,MIBR,11,269,-10,0.94,1.07,
3564,bondik,HellRaisers,10,283,12,1.07,1.07,
3564,tarik,MIBR,11,269,-2,0.99,1.07,
3564,GuardiaN,FaZe,8,216,12,1.09,1.07,
3564,nitr0,Liquid,8,206,6,1.05,1.05,
3564,BnTeT,TYLOO,4,98,3,1.04,1.05,
3564,Edward,Natus Vincere,10,239,5,1.03,1.04,
3564,nex,BIG,6,133,-4,0.96,1.04,
3564,ShahZaM,Complexity,5,119,6,1.08,1.04,
3564,tonyblack,Vega Squadron,4,97,-2,0.97,1.04,
3564,rain,FaZe,8,216,-15,0.9,1.04,
3564,ANDROID,Complexity,5,119,12,1.17,1.03,
3564,Skadoodle,Cloud9,4,131,3,1.04,1.02,
3564,yay,Complexity,5,119,-2,0.98,1.01,
3564,Kvik,Winstrike,3,81,-7,0.89,1.0,
3564,dephh,Complexity,5,119,-16,0.82,0.98,
3564,jR,Vega Squadron,4,97,1,1.02,0.98,
3564,STYKO,Cloud9,4,131,-5,0.95,0.98,
3564,DD,TYLOO,4,98,-16,0.8,0.97,
3564,Stewie2K,MIBR,11,269,-17,0.91,0.97,
3564,xccurate,TYLOO,4,98,-1,0.99,0.96,
3564,draken,fnatic,7,177,-7,0.95,0.96,
3564,JW,fnatic,7,177,-15,0.88,0.96,
3564,Zeus,Natus Vincere,10,239,-10,0.93,0.95,
3564,Golden,Cloud9,4,131,-13,0.86,0.95,
3564,jmqa,Winstrike,3,81,-12,0.81,0.94,
3564,RUSH,Cloud9,4,131,-28,0.73,0.94,
3564,chrisJ,MOUZ,3,74,-6,0.89,0.93,
3564,karrigan,FaZe,8,216,-15,0.9,0.93,
3564,tiziaN,BIG,6,133,-12,0.86,0.93,
3564,bodyy,G2,6,195,-15,0.89,0.93,
3564,gob b,BIG,6,133,-10,0.89,0.92,
3564,Boombl4,Winstrike,3,81,-13,0.79,0.91,
3564,DeadFox,HellRaisers,10,283,-31,0.83,0.89,
3564,REZ,Ninjas in Pyjamas,7,190,-29,0.79,0.89,
3564,chopper,Vega Squadron,4,97,-12,0.83,0.88,
3564,dennis,Ninjas in Pyjamas,7,190,-27,0.8,0.87,
3564,oskar,MOUZ,3,74,-9,0.83,0.87,
3564,ANGE1,HellRaisers,10,283,-59,0.72,0.87,
3564,Xizt,fnatic,7,177,-37,0.71,0.86,
3564,Lekr0,Ninjas in Pyjamas,7,190,-21,0.83,0.85,
3564,crush,Vega Squadron,4,97,-11,0.84,0.85,
3564,TACO,Liquid,8,206,-39,0.73,0.84,
3564,ropz,MOUZ,3,74,-9,0.83,0.84,
3564,SmithZz,G2,6,195,-42,0.71,0.83,
3564,flusha,fnatic,7,177,-47,0.65,0.82,
3564,balblna,Winstrike,3,81,-22,0.65,0.82,
3564,waterfaLLZ,Winstrike,3,81,-19,0.7,0.81,
3564,hutji,Vega Squadron,4,97,-18,0.75,0.81,
3564,Ex6TenZ,G2,6,195,-47,0.67,0.78,
3564,Snax,MOUZ,3,74,-21,0.63,0.69,
3564,somebody,TYLOO,4,98,-35,0.56,0.67,
3564,captainMo,TYLOO,4,98,-41,0.51,0.65,
3247,flamie,Natus Vincere,8,177,48,1.41,1.39,
3247,KRIMZ,fnatic,8,210,54,1.41,1.29,
3247,Dosia,Gambit,5,129,22,1.27,1.25,
3247,NiKo,FaZe,10,276,50,1.3,1.25,
3247,GuardiaN,FaZe,10,276,61,1.39,1.24,
3247,oskar,MOUZ,7,184,34,1.31,1.23,
3247,s1mple,Natus Vincere,8,177,34,1.31,1.23,
3247,tarik,Cloud9,13,330,42,1.19,1.22,
3247,olofmeister,FaZe,10,276,36,1.2,1.2,
3247,autimatic,Cloud9,13,330,53,1.26,1.2,
3247,shox,G2,5,115,14,1.18,1.19,
3247,suNny,MOUZ,7,184,26,1.21,1.18,
3247,ropz,MOUZ,7,184,30,1.28,1.16,
3247,Lekr0,fnatic,8,210,22,1.15,1.16,
3247,RUSH,Cloud9,13,330,34,1.17,1.15,
3247,NBK-,G2,5,115,17,1.23,1.15,
3247,Skadoodle,Cloud9,13,330,38,1.2,1.15,
3247,rain,FaZe,10,276,2,1.01,1.15,
3247,Stewie2K,Cloud9,13,330,21,1.09,1.14,
3247,flusha,fnatic,8,210,12,1.09,1.14,
3247,paz,Space Soldiers,5,140,15,1.17,1.13,
3247,electroNic,Natus Vincere,8,177,18,1.17,1.13,
3247,coldzera,SK,10,278,41,1.24,1.13,
3247,kennyS,G2,5,115,14,1.21,1.13,
3247,EliGE,Liquid,4,98,12,1.18,1.12,
3247,Edward,Natus Vincere,8,177,7,1.06,1.12,
3247,Twistzz,Liquid,4,98,8,1.12,1.12,
3247,bodyy,G2,5,115,5,1.07,1.11,
3247,AdreN,Gambit,5,129,3,1.03,1.11,
3247,MAJ3R,Space Soldiers,5,140,-6,0.94,1.09,
3247,Calyx,Space Soldiers,5,140,16,1.19,1.09,
3247,XANTARES,Space Soldiers,5,140,-6,0.94,1.08,
3247,waterfaLLZ,Quantum Bellator Fire,6,147,4,1.04,1.07,
3247,tabseN,BIG,4,90,-5,0.93,1.06,
3247,JW,fnatic,8,210,-6,0.96,1.05,
3247,dupreeh,Astralis,4,94,-7,0.9,1.02,
3247,fer,SK,10,278,-17,0.91,1.02,
3247,nitr0,Liquid,4,98,-5,0.92,1.02,
3247,FalleN,SK,10,278,0,1.0,1.01,
3247,Kvik,Quantum Bellator Fire,6,147,-4,0.96,1.0,
3247,TACO,SK,10,278,-15,0.92,0.99,
3247,valde,North,3,84,-4,0.94,0.99,
3247,jdm64,Liquid,4,98,-1,0.98,0.98,
3247,aizy,North,3,84,-4,0.93,0.98,
3247,STYKO,MOUZ,7,184,-14,0.89,0.97,
3247,felps,SK,10,278,-26,0.87,0.96,
3247,k0nfig,North,3,84,-13,0.79,0.96,
3247,hutji,Vega Squadron,5,112,-14,0.84,0.95,
3247,apEX,G2,5,115,-17,0.8,0.93,
3247,Golden,fnatic,8,210,-26,0.81,0.93,
3247,Boombl4,Quantum Bellator Fire,6,147,-16,0.85,0.92,
3247,mou,Gambit,5,129,-4,0.95,0.91,
3247,device,Astralis,4,94,-10,0.85,0.91,
3247,chrisJ,MOUZ,7,184,-26,0.79,0.91,
3247,Zeus,Natus Vincere,8,177,-21,0.82,0.9,
3247,Xyp9x,Astralis,4,94,-5,0.92,0.9,
3247,Kjaerbye,Astralis,4,94,-8,0.88,0.89,
3247,karrigan,FaZe,10,276,-28,0.84,0.88,
3247,jmqa,Quantum Bellator Fire,6,147,-21,0.8,0.88,
3247,MSL,North,3,84,-20,0.71,0.88,
3247,HObbit,Gambit,5,129,-12,0.87,0.88,
3247,balblna,Quantum Bellator Fire,6,147,-25,0.76,0.87,
3247,chopper,Vega Squadron,5,112,-23,0.73,0.87,
3247,LEGIJA,BIG,4,90,-16,0.76,0.82,
3247,keev,BIG,4,90,-23,0.67,0.8,
3247,keshandr,Vega Squadron,5,112,-25,0.71,0.79,
3247,jR,Vega Squadron,5,112,-26,0.7,0.79,
3247,gla1ve,Astralis,4,94,-22,0.69,0.78,
3247,nex,BIG,4,90,-20,0.71,0.77,
3247,ngiN,Space Soldiers,5,140,-28,0.71,0.77,
3247,fitch,Gambit,5,129,-39,0.57,0.76,
3247,Snax,Virtus.pro,3,64,-11,0.77,0.76,
3247,mir,Vega Squadron,5,112,-28,0.67,0.75,
3247,cajunb,North,3,84,-19,0.69,0.73,
3247,zews,Liquid,4,98,-24,0.67,0.73,
3247,gob b,BIG,4,90,-29,0.57,0.71,
3247,NEO,Virtus.pro,3,64,-17,0.65,0.71,
3247,byali,Virtus.pro,3,64,-27,0.54,0.68,
3247,TaZ,Virtus.pro,3,64,-22,0.58,0.67,
3247,pashaBiceps,Virtus.pro,3,64,-23,0.57,0.66,
2720,s1mple,Natus Vincere,4,109,38,1.55,1.43,
2720,coldzera,SK,6,158,62,1.68,1.4,
2720,tabseN,BIG,6,170,29,1.25,1.3,
2720,AdreN,Gambit,11,284,42,1.23,1.26,
2720,suNny,PENTA,4,113,10,1.12,1.21,
2720,dupreeh,Astralis,9,240,22,1.13,1.2,
2720,nex,BIG,6,170,25,1.24,1.19,
2720,k0nfig,North,6,168,18,1.16,1.17,
2720,device,Astralis,9,240,27,1.17,1.17,
2720,electroNic,FlipSid3,5,130,8,1.09,1.15,
2720,fer,SK,6,158,15,1.14,1.15,
2720,cajunb,North,6,168,20,1.2,1.15,
2720,mou,Gambit,11,284,37,1.21,1.14,
2720,rain,FaZe,3,84,-3,0.95,1.13,
2720,HObbit,Gambit,11,284,24,1.14,1.13,
2720,kNgV-,Immortals,13,341,24,1.1,1.12,
2720,HEN1,Immortals,13,341,24,1.12,1.12,
2720,autimatic,Cloud9,5,144,22,1.22,1.12,
2720,NiKo,FaZe,3,84,8,1.14,1.12,
2720,byali,Virtus.pro,9,227,21,1.15,1.12,
2720,Stewie2K,Cloud9,5,144,-5,0.95,1.12,
2720,pashaBiceps,Virtus.pro,9,227,13,1.08,1.11,
2720,Skadoodle,Cloud9,5,144,16,1.21,1.11,
2720,LUCAS1,Immortals,13,341,11,1.05,1.11,
2720,zehN,PENTA,4,113,6,1.08,1.1,
2720,denis,MOUZ,4,121,13,1.16,1.1,
2720,wayLander,FlipSid3,5,130,-1,0.99,1.1,
2720,NEO,Virtus.pro,9,227,3,1.02,1.08,
2720,boltz,Immortals,13,341,9,1.04,1.08,
2720,steel,Immortals,13,341,16,1.07,1.08,
2720,JW,fnatic,7,197,14,1.11,1.07,
2720,flamie,Natus Vincere,4,109,-3,0.96,1.07,
2720,Kjaerbye,Astralis,9,240,1,1.01,1.06,
2720,oskar,MOUZ,4,121,5,1.06,1.06,
2720,Snax,Virtus.pro,9,227,5,1.03,1.06,
2720,TaZ,Virtus.pro,9,227,7,1.05,1.05,
2720,felps,SK,6,158,-7,0.94,1.04,
2720,Zeus,Gambit,11,284,5,1.03,1.03,
2720,GuardiaN,Natus Vincere,4,109,3,1.04,1.03,
2720,gla1ve,Astralis,9,240,-8,0.95,1.03,
2720,Xyp9x,Astralis,9,240,-6,0.96,1.03,
2720,olofmeister,fnatic,7,197,-7,0.95,1.02,
2720,LEGIJA,BIG,6,170,2,1.02,1.02,
2720,aizy,North,6,168,-10,0.91,1.02,
2720,HS,PENTA,4,113,-10,0.88,1.02,
2720,FalleN,SK,6,158,-10,0.9,1.01,
2720,ropz,MOUZ,4,121,-2,0.97,1.01,
2720,Dosia,Gambit,11,284,-3,0.98,1.0,
2720,keev,BIG,6,170,1,1.01,1.0,
2720,kRYSTAL,PENTA,4,113,-3,0.96,0.99,
2720,markeloff,FlipSid3,5,130,-3,0.97,0.98,
2720,loWel,MOUZ,4,121,-7,0.92,0.98,
2720,Magisk,North,6,168,-3,0.97,0.98,
2720,flusha,fnatic,7,197,-9,0.93,0.98,
2720,mir,Vega Squadron,3,70,-2,0.96,0.98,
2720,n0thing,Cloud9,5,144,-11,0.89,0.97,
2720,Edward,Natus Vincere,4,109,-4,0.95,0.97,
2720,kennyS,G2,5,136,-9,0.91,0.95,
2720,allu,FaZe,3,84,-4,0.94,0.95,
2720,KRIMZ,fnatic,7,197,-20,0.86,0.95,
2720,shox,G2,5,136,-9,0.91,0.94,
2720,dennis,fnatic,7,197,-28,0.82,0.94,
2720,NBK-,G2,5,136,-27,0.75,0.94,
2720,chrisJ,MOUZ,4,121,-18,0.8,0.93,
2720,WorldEdit,FlipSid3,5,130,-13,0.86,0.93,
2720,gob b,BIG,6,170,-21,0.81,0.91,
2720,apEX,G2,5,136,-13,0.87,0.9,
2720,bodyy,G2,5,136,-21,0.78,0.84,
2720,innocent,PENTA,4,113,-17,0.78,0.84,
2720,TACO,SK,6,158,-25,0.77,0.83,
2720,seized,Natus Vincere,4,109,-15,0.78,0.81,
2720,shroud,Cloud9,5,144,-31,0.68,0.8,
2720,keshandr,Vega Squadron,3,70,-22,0.63,0.8,
2720,MSL,North,6,168,-47,0.63,0.75,
2720,jR,Vega Squadron,3,70,-20,0.64,0.68,
2720,chopper,Vega Squadron,3,70,-14,0.76,0.68,
2720,B1ad3,FlipSid3,5,130,-47,0.52,0.67,
2720,karrigan,FaZe,3,84,-28,0.55,0.62,
2720,kioShiMa,FaZe,3,84,-30,0.5,0.61,
2720,hutji,Vega Squadron,3,70,-26,0.52,0.58,
2471,flamie,Natus Vincere,6,139,34,1.37,1.36,
2471,AdreN,Gambit,7,170,40,1.36,1.34,
2471,EliGE,Liquid,5,155,26,1.23,1.3,
2471,device,Astralis,13,349,77,1.36,1.29,
2471,Snax,Virtus.pro,11,316,76,1.41,1.28,
2471,coldzera,SK,9,243,64,1.45,1.28,
2471,Lekr0,GODSENT,5,126,22,1.25,1.26,
2471,Magisk,North,8,225,33,1.21,1.24,
2471,kennyS,Envy,5,141,27,1.3,1.22,
2471,Kjaerbye,Astralis,13,349,46,1.21,1.21,
2471,s1mple,Natus Vincere,6,139,24,1.28,1.19,
2471,fer,SK,9,243,18,1.1,1.18,
2471,NBK-,Envy,5,141,3,1.03,1.17,
2471,shox,G2,4,102,11,1.16,1.16,
2471,RUSH,OpTic,4,110,10,1.13,1.15,
2471,electroNic,FlipSid3,3,84,4,1.06,1.14,
2471,RpK,G2,4,102,6,1.08,1.12,
2471,apEX,Envy,5,141,2,1.02,1.1,
2471,fox,SK,9,243,10,1.07,1.1,
2471,KRIMZ,fnatic,9,230,15,1.1,1.1,
2471,HObbit,Gambit,7,170,3,1.03,1.1,
2471,JW,GODSENT,5,126,2,1.02,1.1,
2471,gla1ve,Astralis,13,349,18,1.08,1.09,
2471,seized,Natus Vincere,6,139,6,1.07,1.09,
2471,flusha,GODSENT,5,126,6,1.07,1.09,
2471,pashaBiceps,Virtus.pro,11,316,12,1.06,1.09,
2471,allu,FaZe,8,221,21,1.15,1.08,
2471,dupreeh,Astralis,13,349,7,1.03,1.08,
2471,bodyy,G2,4,102,3,1.04,1.07,
2471,markeloff,FlipSid3,3,84,1,1.02,1.07,
2471,GuardiaN,Natus Vincere,6,139,6,1.07,1.07,
2471,ANGE1,HellRaisers,3,80,-4,0.94,1.07,
2471,TaZ,Virtus.pro,11,316,17,1.08,1.07,
2471,kioShiMa,FaZe,8,221,-7,0.95,1.06,
2471,twist,fnatic,9,230,3,1.02,1.06,
2471,FalleN,SK,9,243,-4,0.97,1.05,
2471,Edward,Natus Vincere,6,139,9,1.11,1.05,
2471,Pimp,Liquid,5,155,7,1.07,1.05,
2471,NiKo,MOUZ,4,89,1,1.02,1.05,
2471,rain,FaZe,8,221,-9,0.94,1.04,
2471,cajunb,North,8,225,9,1.07,1.04,
2471,chrisJ,MOUZ,4,89,-5,0.92,1.03,
2471,Xyp9x,Astralis,13,349,-8,0.97,1.02,
2471,olofmeister,fnatic,9,230,-3,0.98,1.02,
2471,aizy,FaZe,8,221,-16,0.9,1.02,
2471,RUBINO,North,8,225,4,1.03,1.01,
2471,mou,Gambit,7,170,-1,0.99,1.01,
2471,byali,Virtus.pro,11,316,-12,0.94,1.0,
2471,karrigan,FaZe,8,221,4,1.03,1.0,
2471,Zeus,Gambit,7,170,-8,0.93,0.98,
2471,Dosia,Gambit,7,170,-16,0.87,0.98,
2471,mixwell,OpTic,4,110,-13,0.83,0.97,
2471,NAF,OpTic,4,110,-14,0.82,0.97,
2471,jdm64,Liquid,5,155,-9,0.91,0.96,
2471,B1ad3,FlipSid3,3,84,-9,0.86,0.96,
2471,znajder,GODSENT,5,126,-3,0.97,0.96,
2471,NEO,Virtus.pro,11,316,-34,0.84,0.94,
2471,WorldEdit,FlipSid3,3,84,-16,0.75,0.94,
2471,k0nfig,North,8,225,-22,0.87,0.93,
2471,TACO,SK,9,243,-25,0.85,0.93,
2471,Hiko,Liquid,5,155,-21,0.81,0.93,
2471,dennis,fnatic,9,230,-33,0.81,0.92,
2471,denis,MOUZ,4,89,-15,0.79,0.91,
2471,Happy,Envy,5,141,-4,0.96,0.9,
2471,Zero,HellRaisers,3,80,-9,0.84,0.9,
2471,STYKO,HellRaisers,3,80,-14,0.78,0.89,
2471,loWel,MOUZ,4,89,-11,0.82,0.88,
2471,tarik,OpTic,4,110,-23,0.73,0.86,
2471,disco doplan,fnatic,9,230,-29,0.8,0.86,
2471,stanislaw,OpTic,4,110,-9,0.89,0.86,
2471,SIXER,Envy,5,141,-35,0.67,0.85,
2471,nitr0,Liquid,5,155,-31,0.73,0.85,
2471,ScreaM,G2,4,102,-16,0.76,0.81,
2471,wayLander,FlipSid3,3,84,-22,0.69,0.78,
2471,MSL,North,8,225,-62,0.64,0.77,
2471,DeadFox,HellRaisers,3,80,-16,0.71,0.76,
2471,pronax,GODSENT,5,126,-38,0.6,0.75,
2471,SmithZz,G2,4,102,-33,0.58,0.73,
2471,bondik,HellRaisers,3,80,-17,0.72,0.72,
2471,Spiidi,MOUZ,4,89,-33,0.49,0.56,
2062,coldzera,SK,9,238,89,1.72,1.37,
2062,device,Astralis,7,211,47,1.35,1.28,
2062,TACO,SK,9,238,45,1.31,1.25,
2062,KRIMZ,fnatic,8,205,47,1.42,1.22,
2062,FalleN,SK,9,238,35,1.26,1.19,
2062,mixwell,OpTic,2,49,4,1.11,1.19,
2062,fnx,SK,9,238,31,1.22,1.19,
2062,s1mple,Liquid,11,280,32,1.17,1.18,
2062,WorldEdit,FlipSid3,7,186,20,1.16,1.17,
2062,Edward,Natus Vincere,5,128,26,1.32,1.16,
2062,RUBINO,Dignitas,5,136,10,1.11,1.16,
2062,seized,Natus Vincere,5,128,6,1.07,1.15,
2062,EliGE,Liquid,11,280,6,1.03,1.15,
2062,flusha,fnatic,8,205,27,1.22,1.15,
2062,Xyp9x,Astralis,7,211,15,1.11,1.15,
2062,olofmeister,fnatic,8,205,11,1.08,1.14,
2062,RpK,G2,2,56,5,1.13,1.14,
2062,k0nfig,Dignitas,5,136,6,1.07,1.13,
2062,kennyS,Envy,2,51,7,1.21,1.13,
2062,dennis,fnatic,8,205,11,1.08,1.12,
2062,fer,SK,9,238,8,1.05,1.12,
2062,cajunb,Dignitas,5,136,14,1.16,1.11,
2062,GuardiaN,Natus Vincere,5,128,8,1.1,1.11,
2062,ScreaM,G2,2,56,1,1.02,1.1,
2062,gla1ve,Astralis,7,211,7,1.05,1.1,
2062,nitr0,Liquid,11,280,9,1.04,1.09,
2062,TaZ,Virtus.pro,7,209,4,1.03,1.09,
2062,Snax,Virtus.pro,7,209,15,1.12,1.08,
2062,AdreN,Gambit,4,91,5,1.08,1.08,
2062,wayLander,FlipSid3,7,186,3,1.02,1.08,
2062,markeloff,FlipSid3,7,186,16,1.14,1.07,
2062,NiKo,MOUZ,4,103,-7,0.91,1.07,
2062,f0rest,Ninjas in Pyjamas,5,123,1,1.01,1.07,
2062,karrigan,Astralis,7,211,4,1.03,1.06,
2062,flamie,Natus Vincere,5,128,-2,0.98,1.06,
2062,JW,fnatic,8,205,0,1.0,1.06,
2062,chrisJ,MOUZ,4,103,3,1.04,1.05,
2062,pyth,Ninjas in Pyjamas,5,123,-2,0.98,1.04,
2062,GeT_RiGhT,Ninjas in Pyjamas,5,123,4,1.05,1.03,
2062,Zeus,Natus Vincere,5,128,0,1.0,1.03,
2062,mou,Gambit,4,91,-4,0.93,1.01,
2062,NEO,Virtus.pro,7,209,-14,0.91,1.0,
2062,dupreeh,Astralis,2,50,-7,0.82,0.99,
2062,apEX,Envy,2,51,-4,0.89,0.99,
2062,Xizt,Ninjas in Pyjamas,5,123,-8,0.9,0.99,
2062,pashaBiceps,Virtus.pro,7,209,-6,0.96,0.99,
2062,jdm64,Liquid,11,280,0,1.0,0.97,
2062,byali,Virtus.pro,7,209,-20,0.86,0.97,
2062,hazed,CLG,2,46,-1,0.97,0.95,
2062,B1ad3,FlipSid3,7,186,-17,0.87,0.95,
2062,Hiko,Liquid,11,280,-21,0.89,0.95,
2062,Spiidi,MOUZ,4,103,-3,0.96,0.95,
2062,spaze,Gambit,4,91,-10,0.85,0.94,
2062,TENZKI,Dignitas,5,136,-11,0.88,0.94,
2062,pita,CLG,2,46,-3,0.91,0.93,
2062,shox,G2,2,56,-7,0.83,0.91,
2062,SmithZz,G2,2,56,-3,0.93,0.91,
2062,Shara,FlipSid3,7,186,-28,0.79,0.91,
2062,rain,FaZe,4,100,-14,0.82,0.89,
2062,aizy,FaZe,4,100,-11,0.84,0.89,
2062,friberg,Ninjas in Pyjamas,5,123,-16,0.82,0.89,
2062,bodyy,G2,2,56,-16,0.63,0.86,
2062,nex,MOUZ,4,103,-14,0.81,0.86,
2062,kioShiMa,FaZe,4,100,-14,0.81,0.86,
2062,NBK-,Envy,2,51,-12,0.68,0.85,
2062,jkaem,FaZe,4,100,-21,0.72,0.84,
2062,fox,FaZe,4,100,-20,0.74,0.83,
2062,MSL,Dignitas,5,136,-31,0.7,0.83,
2062,Dosia,Gambit,4,91,-15,0.78,0.81,
2062,RUSH,OpTic,2,49,-9,0.75,0.78,
2062,reltuC,CLG,2,46,-14,0.61,0.76,
2062,Happy,Envy,2,51,-8,0.78,0.75,
2062,denis,MOUZ,4,103,-29,0.65,0.75,
2062,hooch,Gambit,4,91,-26,0.62,0.75,
2062,NAF,OpTic,2,49,-18,0.55,0.71,
2062,zonic,Astralis,5,161,-51,0.55,0.71,
2062,koosta,CLG,2,46,-14,0.61,0.66,
2062,DEVIL,Envy,2,51,-16,0.6,0.65,
2062,stanislaw,OpTic,2,49,-18,0.51,0.64,
2062,tarik,CLG,2,46,-16,0.57,0.62,
2062,daps,OpTic,2,49,-19,0.51,0.55,
2027,coldzera,Luminosity,9,262,84,1.56,1.32,
2027,NiKo,MOUZ,5,162,17,1.14,1.3,
2027,Edward,Natus Vincere,8,201,48,1.39,1.28,
2027,flamie,Natus Vincere,8,201,32,1.24,1.25,
2027,s1mple,Liquid,6,188,26,1.2,1.24,
2027,device,Astralis,6,149,24,1.26,1.22,
2027,Shara,FlipSid3,2,95,12,1.18,1.21,
2027,dupreeh,Astralis,6,149,20,1.22,1.2,
2027,rain,FaZe,4,94,-3,0.96,1.19,
2027,bondik,FlipSid3,2,95,8,1.12,1.19,
2027,fnx,Luminosity,9,262,36,1.22,1.18,
2027,FalleN,Luminosity,9,262,48,1.33,1.18,
2027,flusha,fnatic,6,157,11,1.11,1.18,
2027,markeloff,FlipSid3,2,95,5,1.08,1.17,
2027,jdm64,CLG,7,182,20,1.17,1.14,
2027,byali,Virtus.pro,8,199,13,1.1,1.14,
2027,tarik,CLG,7,182,16,1.13,1.14,
2027,cajunb,Astralis,6,149,16,1.17,1.14,
2027,fer,Luminosity,9,262,2,1.01,1.14,
2027,Snax,Virtus.pro,8,199,5,1.04,1.14,
2027,adreN,Liquid,6,188,19,1.17,1.14,
2027,GeT_RiGhT,Ninjas in Pyjamas,7,182,-2,0.99,1.13,
2027,JW,fnatic,6,157,4,1.04,1.13,
2027,seized,Natus Vincere,8,201,12,1.09,1.13,
2027,apEX,Envy,2,53,-1,0.98,1.13,
2027,Happy,Envy,2,53,4,1.11,1.09,
2027,f0rest,Ninjas in Pyjamas,7,182,6,1.05,1.09,
2027,dennis,fnatic,6,157,10,1.09,1.07,
2027,NEO,Virtus.pro,8,199,4,1.03,1.07,
2027,Xyp9x,Astralis,6,149,11,1.12,1.07,
2027,Hiko,Liquid,6,188,11,1.09,1.07,
2027,TACO,Luminosity,9,262,-4,0.98,1.06,
2027,hazed,CLG,7,182,1,1.01,1.06,
2027,KRIMZ,fnatic,6,157,8,1.08,1.06,
2027,aizy,FaZe,4,94,4,1.06,1.06,
2027,AdreN,Gambit,5,137,0,1.0,1.04,
2027,Dosia,Gambit,5,137,-10,0.9,1.03,
2027,ScreaM,G2,5,109,-6,0.93,1.02,
2027,EliGE,Liquid,6,188,-9,0.93,1.02,
2027,chrisJ,MOUZ,5,162,7,1.06,1.02,
2027,WorldEdit,FlipSid3,2,95,-1,0.98,1.02,
2027,Spiidi,MOUZ,5,162,-8,0.93,1.01,
2027,TaZ,Virtus.pro,8,199,3,1.02,1.01,
2027,fox,FaZe,4,94,-4,0.94,1.0,
2027,shox,G2,5,109,6,1.08,0.99,
2027,wayLander,Gambit,5,137,-7,0.93,0.99,
2027,NBK-,Envy,2,53,-10,0.75,0.99,
2027,hooch,Gambit,5,137,-6,0.94,0.98,
2027,RpK,G2,5,109,-3,0.96,0.98,
2027,olofmeister,fnatic,6,157,0,1.0,0.98,
2027,pashaBiceps,Virtus.pro,8,199,-13,0.91,0.98,
2027,Zeus,Natus Vincere,8,201,-8,0.94,0.97,
2027,nitr0,Liquid,6,188,-28,0.79,0.97,
2027,denis,MOUZ,5,162,-19,0.84,0.97,
2027,Ex6TenZ,G2,5,109,-15,0.8,0.95,
2027,Xizt,Ninjas in Pyjamas,7,182,-22,0.84,0.95,
2027,GuardiaN,Natus Vincere,8,201,-14,0.89,0.94,
2027,reltuC,CLG,7,182,-11,0.91,0.94,
2027,DAVEY,Splyce,2,40,-2,0.94,0.93,
2027,DEVIL,Envy,2,53,-9,0.76,0.93,
2027,mou,Gambit,5,137,-11,0.89,0.93,
2027,B1ad3,FlipSid3,2,95,-9,0.87,0.9,
2027,Skadoodle,Cloud9,2,44,-7,0.79,0.9,
2027,friberg,Ninjas in Pyjamas,7,182,-18,0.86,0.9,
2027,SmithZz,G2,5,109,-11,0.87,0.9,
2027,karrigan,Astralis,6,149,-18,0.82,0.88,
2027,Maikelele,FaZe,4,94,-18,0.72,0.82,
2027,jkaem,FaZe,4,94,-16,0.77,0.8,
2027,shroud,Cloud9,2,44,-12,0.68,0.8,
2027,THREAT,Ninjas in Pyjamas,7,182,-38,0.71,0.8,
2027,nex,MOUZ,5,162,-31,0.74,0.8,
2027,arya,Splyce,2,40,-11,0.66,0.74,
2027,FugLy,CLG,7,182,-42,0.67,0.74,
2027,kennyS,Envy,2,53,-13,0.66,0.72,
2027,Stewie2K,Cloud9,2,44,-17,0.54,0.69,
2027,n0thing,Cloud9,2,44,-13,0.65,0.68,
2027,Professor_Chaos,Splyce,2,40,-16,0.53,0.56,
2027,freakazoid,Cloud9,2,44,-18,0.5,0.55,
2027,jasonR,Splyce,2,40,-22,0.35,0.44,
2027,abE,Splyce,2,40,-23,0.36,0.39,
1617,aizy,Dignitas,2,52,21,1.55,,1.55
1617,GuardiaN,Natus Vincere,11,279,83,1.51,,1.3
1617,Snax,Virtus.pro,4,119,31,1.4,,1.29
1617,kennyS,Envy,10,261,66,1.47,,1.23
1617,WorldEdit,FlipSid3,2,46,6,1.15,,1.22
1617,dupreeh,TSM,4,94,13,1.2,,1.18
1617,coldzera,Luminosity,4,115,17,1.23,,1.18
1617,jkaem,G2,10,287,33,1.17,,1.16
1617,NiKo,MOUZ,5,132,16,1.18,,1.16
1617,flusha,fnatic,7,173,12,1.1,,1.15
1617,NBK-,Envy,10,261,33,1.21,,1.14
1617,Happy,Envy,10,261,41,1.23,,1.14
1617,KRIMZ,fnatic,7,173,27,1.26,,1.14
1617,shox,Titan,4,99,6,1.09,,1.12
1617,apEX,Envy,10,261,20,1.11,,1.11
1617,f0rest,Ninjas in Pyjamas,8,194,14,1.1,,1.1
1617,seized,Natus Vincere,11,279,22,1.12,,1.1
1617,Furlan,Vexed,2,55,6,1.16,,1.09
1617,cajunb,TSM,4,94,10,1.17,,1.08
1617,RpK,Titan,4,99,0,1.0,,1.07
1617,fox,G2,10,287,15,1.08,,1.07
1617,kioShiMa,Envy,10,261,21,1.13,,1.07
1617,byali,Virtus.pro,4,119,9,1.12,,1.06
1617,dennis,G2,10,287,11,1.06,,1.06
1617,tarik,CLG,5,133,-1,0.99,,1.04
1617,fer,Luminosity,4,115,-2,0.98,,1.03
1617,nex,MOUZ,5,132,3,1.03,,1.02
1617,Xyp9x,TSM,4,94,3,1.04,,1.02
1617,flamie,Natus Vincere,11,279,14,1.08,,1.02
1617,jdm64,CLG,5,133,7,1.08,,1.02
1617,pashaBiceps,Virtus.pro,4,119,1,1.01,,1.01
1617,Zeus,Natus Vincere,11,279,8,1.04,,1.01
1617,chrisJ,MOUZ,5,132,1,1.01,,1.0
1617,boltz,Luminosity,4,115,1,1.01,,0.99
1617,GeT_RiGhT,Ninjas in Pyjamas,8,194,0,1.0,,0.99
1617,device,TSM,4,94,-2,0.97,,0.98
1617,olofmeister,fnatic,7,173,-2,0.98,,0.98
1617,Xizt,Ninjas in Pyjamas,8,194,-6,0.96,,0.98
1617,seang@res,Cloud9,4,106,-8,0.9,,0.97
1617,friberg,Ninjas in Pyjamas,8,194,-6,0.96,,0.97
1617,freakazoid,Cloud9,4,106,-3,0.96,,0.96
1617,Maikelele,G2,10,287,-4,0.98,,0.96
1617,allu,Ninjas in Pyjamas,8,194,-7,0.95,,0.96
1617,karrigan,TSM,4,94,-4,0.94,,0.95
1617,Hyper,Vexed,2,55,0,1.0,,0.95
1617,rain,G2,10,287,-30,0.86,,0.93
1617,GruBy,Vexed,2,55,-7,0.84,,0.93
1617,Edward,Natus Vincere,11,279,-8,0.96,,0.92
1617,FNS,CLG,5,133,-6,0.94,,0.92
1617,EliGE,Liquid,2,61,-7,0.86,,0.92
1617,shroud,Cloud9,4,106,-10,0.86,,0.91
1617,steel,Luminosity,4,115,-8,0.89,,0.9
1617,FugLy,Liquid,2,61,-6,0.87,,0.9
1617,TaZ,Virtus.pro,4,119,-7,0.92,,0.9
1617,nitr0,Liquid,2,61,-9,0.82,,0.87
1617,NEO,Virtus.pro,4,119,-12,0.85,,0.87
1617,adreN,Liquid,2,61,-6,0.85,,0.86
1617,n0thing,Cloud9,4,106,-12,0.85,,0.85
1617,Skadoodle,Cloud9,4,106,-12,0.83,,0.84
1617,pronax,fnatic,7,173,-20,0.84,,0.84
1617,bondik,FlipSid3,2,46,-6,0.83,,0.84
1617,markeloff,FlipSid3,2,46,-6,0.83,,0.82
1617,SmithZz,Titan,4,99,-22,0.71,,0.81
1617,reltuC,CLG,5,133,-18,0.82,,0.8
1617,Kjaerbye,Dignitas,2,52,-9,0.78,,0.79
1617,ScreaM,Titan,4,99,-20,0.74,,0.79
1617,denis,MOUZ,5,132,-26,0.75,,0.79
1617,JW,fnatic,7,173,-31,0.76,,0.77
1617,rallen,Vexed,2,55,-10,0.76,,0.77
1617,FalleN,Luminosity,4,115,-21,0.75,,0.77
1617,peet,Vexed,2,55,-8,0.76,,0.77
1617,Hiko,Liquid,2,61,-10,0.76,,0.76
1617,Ex6TenZ,Titan,4,99,-23,0.68,,0.74
1617,Pimp,Dignitas,2,52,-11,0.69,,0.7
1617,hazed,CLG,5,133,-38,0.64,,0.67
1617,gob b,MOUZ,5,132,-38,0.62,,0.64
1617,DavCost,FlipSid3,2,46,-18,0.51,,0.61
1617,TENZKI,Dignitas,2,52,-18,0.56,,0.6
1617,B1ad3,FlipSid3,2,46,-17,0.57,,0.59
1617,MSL,Dignitas,2,52,-27,0.37,,0.41
1666,flusha,fnatic,9,219,83,1.72,,1.38
1666,olofmeister,fnatic,9,219,53,1.39,,1.25
1666,device,TSM,7,169,41,1.46,,1.25
1666,KRIMZ,fnatic,9,219,44,1.36,,1.17
1666,TaZ,Virtus.pro,7,174,32,1.31,,1.17
1666,USTILO,Immunity,2,53,1,1.03,,1.15
1666,karrigan,TSM,7,169,19,1.16,,1.14
1666,denis,MOUZ,2,56,6,1.15,,1.14
1666,jdm64,CLG,3,89,9,1.16,,1.13
1666,allu,Ninjas in Pyjamas,5,120,16,1.22,,1.13
1666,SPUNJ,Renegades,3,73,8,1.16,,1.13
1666,Xyp9x,TSM,7,169,25,1.25,,1.12
1666,fer,Luminosity,5,148,11,1.1,,1.12
1666,tarik,CLG,3,89,8,1.12,,1.11
1666,f0rest,Ninjas in Pyjamas,5,120,7,1.08,,1.11
1666,Snax,Virtus.pro,7,174,19,1.18,,1.11
1666,markeloff,FlipSid3,3,89,8,1.13,,1.1
1666,apEX,Envy,9,243,18,1.1,,1.09
1666,Rickeh,Immunity,2,53,4,1.12,,1.09
1666,coldzera,Luminosity,5,148,11,1.11,,1.08
1666,FalleN,Luminosity,5,148,13,1.13,,1.08
1666,byali,Virtus.pro,7,174,20,1.18,,1.08
1666,dupreeh,TSM,7,169,22,1.22,,1.08
1666,shox,Titan,2,61,1,1.02,,1.04
1666,B1ad3,FlipSid3,3,89,1,1.01,,1.04
1666,NEO,Virtus.pro,7,174,20,1.2,,1.04
1666,Happy,Envy,9,243,5,1.03,,1.02
1666,Skadoodle,Cloud9,3,79,5,1.11,,1.01
1666,JW,fnatic,9,219,9,1.07,,1.01
1666,ScreaM,Kinguin,5,126,5,1.06,,1.01
1666,bondik,FlipSid3,3,89,-1,0.99,,1.0
1666,GeT_RiGhT,Ninjas in Pyjamas,5,120,0,1.0,,0.99
1666,AZR,Renegades,3,73,-2,0.96,,0.99
1666,NBK-,Envy,9,243,9,1.06,,0.99
1666,Hyper,eBettle,2,48,-3,0.92,,0.97
1666,kioShiMa,Envy,9,243,4,1.03,,0.97
1666,GuardiaN,Natus Vincere,5,139,-3,0.97,,0.97
1666,nex,MOUZ,2,56,-3,0.93,,0.96
1666,cajunb,TSM,7,169,2,1.02,,0.96
1666,Zeus,Natus Vincere,5,139,-6,0.94,,0.96
1666,peet,eBettle,2,48,-7,0.82,,0.95
1666,kennyS,Envy,9,243,1,1.01,,0.94
1666,pashaBiceps,Virtus.pro,7,174,-12,0.9,,0.94
1666,shroud,Cloud9,3,79,-5,0.91,,0.93
1666,boltz,Luminosity,5,148,-12,0.88,,0.93
1666,Maikelele,Kinguin,5,126,-5,0.94,,0.93
1666,jks,Renegades,3,73,-6,0.88,,0.93
1666,Maniac,Titan,2,61,-2,0.96,,0.93
1666,Xizt,Ninjas in Pyjamas,5,120,-7,0.91,,0.92
1666,pronax,fnatic,9,219,-1,0.99,,0.91
1666,Edward,Natus Vincere,5,139,-13,0.87,,0.91
1666,dennis,Kinguin,5,126,-10,0.89,,0.9
1666,seized,Natus Vincere,5,139,-11,0.89,,0.9
1666,flamie,Natus Vincere,5,139,-10,0.91,,0.9
1666,gob b,MOUZ,2,56,-7,0.83,,0.88
1666,SmithZz,Titan,2,61,-10,0.79,,0.87
1666,rain,Kinguin,5,126,-13,0.85,,0.86
1666,chrisJ,MOUZ,2,56,-8,0.82,,0.86
1666,FNS,CLG,3,89,-9,0.86,,0.84
1666,GruBy,eBettle,2,48,-7,0.81,,0.84
1666,freakazoid,Cloud9,3,79,-9,0.84,,0.84
1666,hazed,CLG,3,89,-12,0.81,,0.81
1666,DavCost,FlipSid3,3,89,-17,0.76,,0.8
1666,emagine,Immunity,2,53,-10,0.75,,0.79
1666,RpK,Titan,2,61,-13,0.72,,0.78
1666,reltuC,CLG,3,89,-17,0.75,,0.78
1666,n0thing,Cloud9,3,79,-16,0.72,,0.76
1666,friberg,Ninjas in Pyjamas,5,120,-28,0.69,,0.75
1666,fox,Kinguin,5,126,-28,0.68,,0.74
1666,Spiidi,MOUZ,2,56,-12,0.69,,0.73
1666,yam,Renegades,3,73,-19,0.65,,0.73
1666,seang@res,Cloud9,3,79,-19,0.69,,0.73
1666,Ex6TenZ,Titan,2,61,-13,0.71,,0.72
1666,steel,Luminosity,5,148,-36,0.65,,0.68
1666,rallen,eBettle,2,48,-16,0.59,,0.64
1666,WorldEdit,FlipSid3,3,89,-28,0.56,,0.62
1666,Havoc,Renegades,3,73,-23,0.58,,0.62
1666,James,Immunity,2,53,-18,0.51,,0.61
1666,SnypeR,Immunity,2,53,-22,0.42,,0.51
1666,Furlan,eBettle,2,48,-23,0.42,,0.43
1611,olofmeister,fnatic,9,234,58,1.39,,1.31
1611,rain,LGB,3,71,14,1.29,,1.27
1611,NEO,Virtus.pro,7,181,46,1.42,,1.27
1611,seized,Natus Vincere,6,137,26,1.29,,1.24
1611,GeT_RiGhT,Ninjas in Pyjamas,10,256,45,1.27,,1.2
1611,GuardiaN,Natus Vincere,6,137,23,1.27,,1.19
1611,Snax,Virtus.pro,7,181,29,1.26,,1.16
1611,shox,Envy,7,182,20,1.17,,1.13
1611,cajunb,TSM,6,152,22,1.24,,1.13
1611,flusha,fnatic,9,234,32,1.23,,1.12
1611,KRIMZ,fnatic,9,234,29,1.21,,1.11
1611,boltz,Keyd,6,150,9,1.09,,1.1
1611,SmithZz,Envy,7,182,20,1.18,,1.09
1611,device,TSM,6,152,9,1.09,,1.07
1611,kRYSTAL,PENTA,5,114,2,1.02,,1.06
1611,NBK-,Envy,7,182,11,1.09,,1.05
1611,byali,Virtus.pro,7,181,13,1.11,,1.04
1611,dupreeh,TSM,6,152,7,1.07,,1.03
1611,pashaBiceps,Virtus.pro,7,181,15,1.13,,1.03
1611,Xizt,Ninjas in Pyjamas,10,256,17,1.1,,1.03
1611,friberg,Ninjas in Pyjamas,10,256,3,1.02,,1.02
1611,f0rest,Ninjas in Pyjamas,10,256,8,1.04,,1.01
1611,Edward,Natus Vincere,6,137,2,1.02,,1.01
1611,Happy,Envy,7,182,1,1.01,,1.0
1611,allu,Ninjas in Pyjamas,10,256,6,1.04,,0.99
1611,hazed,CLG,3,77,-2,0.96,,0.99
1611,FalleN,Keyd,6,150,-2,0.98,,0.99
1611,pronax,fnatic,9,234,3,1.02,,0.98
1611,shroud,Cloud9,3,81,-2,0.96,,0.98
1611,Xyp9x,TSM,6,152,-1,0.99,,0.98
1611,JW,fnatic,9,234,1,1.01,,0.98
1611,SEMPHIS,Cloud9,3,81,-3,0.95,,0.97
1611,karrigan,TSM,6,152,-2,0.98,,0.97
1611,AdreN,HellRaisers,2,58,-3,0.93,,0.97
1611,TaZ,Virtus.pro,7,181,2,1.02,,0.96
1611,topguN,Vox Eminor,3,56,-4,0.9,,0.96
1611,tarik,CLG,3,77,-3,0.95,,0.95
1611,denis,PENTA,5,114,-7,0.92,,0.95
1611,nex,PENTA,5,114,3,1.04,,0.95
1611,fer,Keyd,6,150,-5,0.96,,0.94
1611,flamie,HellRaisers,2,58,-4,0.91,,0.93
1611,Zeus,Natus Vincere,6,137,-8,0.92,,0.93
1611,RUBINO,LGB,3,71,-3,0.94,,0.92
1611,n0thing,Cloud9,3,81,-5,0.91,,0.92
1611,disturbed,3DMAX,2,47,-4,0.89,,0.92
1611,kennyS,Titan,2,50,-3,0.92,,0.92
1611,kioShiMa,Envy,7,182,-4,0.97,,0.92
1611,Havoc,Vox Eminor,3,56,-7,0.84,,0.91
1611,jkaem,LGB,3,71,-7,0.87,,0.91
1611,zEVES,LGB,3,71,-6,0.88,,0.89
1611,Dosia,HellRaisers,2,58,-4,0.9,,0.88
1611,kUcheR,HellRaisers,2,58,-7,0.84,,0.87
1611,Troubley,PENTA,5,114,-12,0.85,,0.87
1611,Maniac,Titan,2,50,-6,0.85,,0.86
1611,RpK,Titan,2,50,-6,0.84,,0.86
1611,FNS,CLG,3,77,-8,0.84,,0.85
1611,AZR,Vox Eminor,3,56,-5,0.89,,0.85
1611,ShahZaM,Cloud9,3,81,-10,0.83,,0.85
1611,steel,Keyd,6,150,-18,0.82,,0.83
1611,KHRN,3DMAX,2,47,-6,0.84,,0.82
1611,Spiidi,PENTA,5,114,-14,0.82,,0.81
1611,ptr,CLG,3,77,-13,0.77,,0.8
1611,bondik,FlipSid3,2,36,-10,0.7,,0.8
1611,seang@res,Cloud9,3,81,-12,0.8,,0.79
1611,Polly,LGB,3,71,-10,0.8,,0.78
1611,reltuC,CLG,3,77,-12,0.79,,0.78
1611,DavCost,FlipSid3,2,36,-11,0.66,,0.77
1611,xartE,3DMAX,2,47,-12,0.69,,0.75
1611,starix,Natus Vincere,6,137,-25,0.73,,0.74
1611,ANGE1,HellRaisers,2,58,-12,0.72,,0.74
1611,jks,Vox Eminor,3,56,-14,0.65,,0.7
1611,zqkS,Keyd,6,150,-41,0.65,,0.68
1611,Ex6TenZ,Titan,2,50,-15,0.62,,0.64
1611,apEX,Titan,2,50,-17,0.57,,0.64
1611,stonde,3DMAX,2,47,-13,0.64,,0.64
1611,SPUNJ,Vox Eminor,3,56,-18,0.6,,0.64
1611,natu,3DMAX,2,47,-16,0.58,,0.6
1611,WorldEdit,FlipSid3,2,36,-22,0.37,,0.44
1611,markeloff,FlipSid3,2,36,-18,0.45,,0.43
1611,B1ad3,FlipSid3,2,36,-23,0.34,,0.33
1553,Snax,Virtus.pro,7,173,45,1.45,,1.29
1553,flusha,fnatic,5,119,24,1.33,,1.26
1553,pashaBiceps,Virtus.pro,7,173,39,1.39,,1.23
1553,olofmeister,fnatic,5,119,23,1.32,,1.23
1553,JW,fnatic,5,119,23,1.3,,1.21
1553,Happy,LDLC,9,234,45,1.31,,1.17
1553,f0rest,Ninjas in Pyjamas,11,291,37,1.18,,1.15
1553,swag,iBUYPOWER,3,72,4,1.08,,1.14
1553,TaZ,Virtus.pro,7,173,27,1.26,,1.14
1553,byali,Virtus.pro,7,173,28,1.27,,1.14
1553,cajunb,Dignitas,4,96,15,1.26,,1.13
1553,GeT_RiGhT,Ninjas in Pyjamas,11,291,34,1.19,,1.12
1553,s1mple,HellRaisers,4,94,8,1.12,,1.12
1553,Troubley,Planetkey,2,47,2,1.06,,1.11
1553,Edward,Natus Vincere,7,178,18,1.15,,1.11
1553,KRIMZ,fnatic,5,119,11,1.15,,1.1
1553,GuardiaN,Natus Vincere,7,178,18,1.16,,1.1
1553,SEMPHIS,Cloud9,3,59,-1,0.98,,1.1
1553,Zeus,Natus Vincere,7,178,19,1.17,,1.09
1553,kioShiMa,LDLC,9,234,27,1.19,,1.08
1553,NBK-,LDLC,9,234,19,1.13,,1.07
1553,Skadoodle,iBUYPOWER,3,72,7,1.16,,1.07
1553,Maikelele,Ninjas in Pyjamas,11,291,30,1.17,,1.07
1553,Xyp9x,Dignitas,4,96,4,1.07,,1.05
1553,NEO,Virtus.pro,7,173,9,1.08,,1.05
1553,dupreeh,Dignitas,4,96,8,1.12,,1.04
1553,rallen,ESC,3,78,0,1.0,,1.04
1553,friberg,Ninjas in Pyjamas,11,291,12,1.06,,1.04
1553,shox,LDLC,9,234,18,1.13,,1.03
1553,innocent,ESC,3,78,2,1.03,,1.03
1553,device,Dignitas,4,96,6,1.1,,1.03
1553,Spiidi,PENTA,5,128,6,1.07,,1.03
1553,kUcheR,HellRaisers,4,94,1,1.02,,1.02
1553,berg,FlipSid3,3,85,-3,0.96,,0.98
1553,nitr0,iBUYPOWER,3,72,-2,0.96,,0.98
1553,denis,PENTA,5,128,-5,0.94,,0.97
1553,seized,Natus Vincere,7,178,-3,0.98,,0.96
1553,n0thing,Cloud9,3,59,-1,0.98,,0.95
1553,Xizt,Ninjas in Pyjamas,11,291,-3,0.98,,0.95
1553,Hiko,Cloud9,3,59,1,1.03,,0.94
1553,twist,FlipSid3,3,85,-6,0.9,,0.93
1553,desi,iBUYPOWER,3,72,-6,0.87,,0.91
1553,starix,Natus Vincere,7,178,-13,0.89,,0.9
1553,BENDJI,FlipSid3,3,85,-8,0.88,,0.9
1553,zende,FlipSid3,3,85,-7,0.89,,0.9
1553,cadiaN,CPH Wolves,2,48,-5,0.86,,0.9
1553,ANGE1,HellRaisers,4,94,-8,0.89,,0.9
1553,pronax,fnatic,5,119,-9,0.86,,0.9
1553,SZPERO,ESC,3,78,-10,0.83,,0.88
1553,FeTiSh,Dignitas,4,96,-7,0.9,,0.87
1553,kRYSTAL,PENTA,5,128,-15,0.85,,0.86
1553,SmithZz,LDLC,9,234,-24,0.84,,0.86
1553,AcilioN,myXMG,2,45,-6,0.84,,0.86
1553,shroud,Cloud9,3,59,-4,0.9,,0.86
1553,mouz,ESC,3,78,-9,0.84,,0.86
1553,seang@res,Cloud9,3,59,-7,0.84,,0.86
1553,MSL,myXMG,2,45,-10,0.76,,0.84
1553,AZK,iBUYPOWER,3,72,-9,0.82,,0.84
1553,fel1x,PENTA,5,128,-24,0.72,,0.81
1553,Kjaerbye,CPH Wolves,2,48,-9,0.76,,0.8
1553,Dosia,HellRaisers,4,94,-15,0.76,,0.79
1553,strux1,Planetkey,2,47,-12,0.69,,0.77
1553,MINISE,ESC,3,78,-19,0.68,,0.74
1553,markeloff,HellRaisers,4,94,-19,0.71,,0.73
1553,Pimp,CPH Wolves,2,48,-12,0.7,,0.71
1553,TENZKI,CPH Wolves,2,48,-15,0.61,,0.68
1553,gla1ve,CPH Wolves,2,48,-14,0.63,,0.67
1553,Friis,myXMG,2,45,-11,0.69,,0.67
1553,blackpoisoN,Bravado,2,35,-13,0.59,,0.66
1553,HUNDEN,myXMG,2,45,-14,0.62,,0.65
1553,dumz,FlipSid3,3,85,-25,0.6,,0.63
1553,stavros,Planetkey,2,47,-18,0.55,,0.61
1553,alexRr,Planetkey,2,47,-19,0.55,,0.61
1553,r0bs3n,PENTA,5,128,-46,0.55,,0.6
1553,nex,Planetkey,2,47,-15,0.62,,0.59
1553,smF,myXMG,2,45,-19,0.53,,0.53
1553,racno,Bravado,2,35,-18,0.47,,0.44
1553,Detrony,Bravado,2,35,-21,0.4,,0.38
1553,cent,Bravado,2,35,-22,0.31,,0.36
1553,deviaNt,Bravado,2,35,-24,0.29,,0.26
1444,swag,iBUYPOWER,3,63,23,1.57,,1.43
1444,apEX,LDLC,7,182,59,1.5,,1.38
1444,Dosia,HellRaisers,3,64,17,1.4,,1.35
1444,kioShiMa,Epsilon,4,88,26,1.51,,1.33
1444,kennyS,Titan,3,74,17,1.35,,1.28
1444,Snax,Virtus.pro,5,134,33,1.41,,1.27
1444,flusha,fnatic,10,275,60,1.37,,1.24
1444,Edward,Natus Vincere,6,166,31,1.28,,1.22
1444,shox,Epsilon,4,88,15,1.28,,1.21
1444,olofmeister,fnatic,10,275,48,1.25,,1.19
1444,Happy,LDLC,7,182,35,1.3,,1.17
1444,cajunb,CPH Wolves,3,79,14,1.25,,1.15
1444,device,Dignitas,7,178,27,1.23,,1.14
1444,friberg,Ninjas in Pyjamas,12,314,29,1.14,,1.14
1444,dupreeh,Dignitas,7,178,21,1.17,,1.13
1444,Hiko,Cloud9,5,154,23,1.25,,1.13
1444,pashaBiceps,Virtus.pro,5,134,11,1.12,,1.11
1444,JW,fnatic,10,275,24,1.13,,1.1
1444,KQLY,LDLC,7,182,26,1.23,,1.09
1444,GeT_RiGhT,Ninjas in Pyjamas,12,314,25,1.12,,1.06
1444,Havoc,Vox Eminor,2,42,-3,0.92,,1.06
1444,Xizt,Ninjas in Pyjamas,12,314,24,1.11,,1.06
1444,KRIMZ,fnatic,10,275,14,1.08,,1.04
1444,GuardiaN,Natus Vincere,6,166,6,1.05,,1.04
1444,byali,Virtus.pro,5,134,14,1.16,,1.04
1444,SEMPHIS,Cloud9,5,154,8,1.08,,1.03
1444,Xyp9x,Dignitas,7,178,8,1.07,,1.03
1444,AZR,Vox Eminor,2,42,-2,0.94,,1.03
1444,shroud,Cloud9,5,154,6,1.06,,1.01
1444,FeTiSh,Dignitas,7,178,10,1.09,,1.01
1444,TaZ,Virtus.pro,5,134,6,1.07,,1.01
1444,aizy,Dignitas,7,178,8,1.07,,1.01
1444,f0rest,Ninjas in Pyjamas,12,314,3,1.01,,1.01
1444,flamie,dAT,2,45,-3,0.93,,0.99
1444,gla1ve,CPH Wolves,3,79,-1,0.98,,0.99
1444,seang@res,Cloud9,5,154,-2,0.98,,0.97
1444,Nico,CPH Wolves,3,79,3,1.07,,0.97
1444,seized,Natus Vincere,6,166,0,1.0,,0.96
1444,SmithZz,Titan,3,74,-3,0.95,,0.96
1444,Sf,Epsilon,4,88,-6,0.9,,0.96
1444,fxy0,Epsilon,4,88,-2,0.96,,0.95
1444,markeloff,HellRaisers,3,64,-1,0.98,,0.94
1444,starix,Natus Vincere,6,166,-6,0.95,,0.94
1444,karrigan,CPH Wolves,3,79,-3,0.95,,0.94
1444,GMX,Epsilon,4,88,-6,0.91,,0.93
1444,NEO,Virtus.pro,5,134,-5,0.95,,0.91
1444,ScreaM,Titan,3,74,-6,0.89,,0.9
1444,Ex6TenZ,Titan,3,74,-5,0.9,,0.9
1444,ANGE1,HellRaisers,3,64,-6,0.87,,0.85
1444,n0thing,Cloud9,5,154,-17,0.85,,0.85
1444,Maniac,LDLC,7,182,-14,0.88,,0.84
1444,Uzzziii,LDLC,7,182,-23,0.81,,0.84
1444,Zeus,Natus Vincere,6,166,-24,0.8,,0.82
1444,rain,London Conspiracy,2,39,-10,0.73,,0.81
1444,pronax,fnatic,10,275,-37,0.8,,0.8
1444,Pimp,CPH Wolves,3,79,-12,0.77,,0.78
1444,NBK-,Titan,3,74,-13,0.74,,0.74
1444,Ace,Wolves,2,43,-12,0.68,,0.73
1444,AZK,iBUYPOWER,3,63,-18,0.65,,0.72
1444,Fifflaren,Ninjas in Pyjamas,12,314,-72,0.67,,0.71
1444,AdreN,HellRaisers,3,64,-16,0.66,,0.71
1444,RiTz,Wolves,2,43,-13,0.64,,0.7
1444,kUcheR,HellRaisers,3,64,-16,0.65,,0.69
1444,DaZeD,iBUYPOWER,3,63,-17,0.66,,0.67
1444,steel,iBUYPOWER,3,63,-18,0.64,,0.67
1444,jks,Vox Eminor,2,42,-10,0.71,,0.66
1444,WorldEdit,dAT,2,45,-13,0.63,,0.65
1444,Skadoodle,iBUYPOWER,3,63,-21,0.57,,0.62
1444,RUBINO,London Conspiracy,2,39,-15,0.57,,0.62
1444,astaRR,Wolves,2,43,-17,0.56,,0.6
1444,RiX,Wolves,2,43,-17,0.54,,0.6
1444,B1ad3,dAT,2,45,-18,0.5,,0.59
1444,bondik,dAT,2,45,-18,0.51,,0.58
1444,ub1que,dAT,2,45,-19,0.51,,0.53
1444,Polly,London Conspiracy,2,39,-21,0.43,,0.46
1444,MithilF,Wolves,2,43,-23,0.41,,0.45
1444,SPUNJ,Vox Eminor,2,42,-24,0.33,,0.4
1444,Skurk,London Conspiracy,2,39,-25,0.31,,0.33
1444,prb,London Conspiracy,2,39,-25,0.32,,0.3
1444,topguN,Vox Eminor,2,42,-27,0.29,,0.3
1333,pashaBiceps,Virtus.pro,9,235,75,1.54,,1.38
1333,GeT_RiGhT,Ninjas in Pyjamas,9,211,66,1.55,,1.33
1333,byali,Virtus.pro,9,235,68,1.5,,1.31
1333,cajunb,Dignitas,6,141,28,1.3,,1.27
1333,shox,Titan,3,74,17,1.35,,1.26
1333,znajder,fnatic,6,164,33,1.33,,1.25
1333,flusha,fnatic,6,164,31,1.27,,1.25
1333,Snax,Virtus.pro,9,235,42,1.28,,1.2
1333,Dosia,HellRaisers,5,140,22,1.24,,1.18
1333,NEO,Virtus.pro,9,235,40,1.29,,1.16
1333,f0rest,Ninjas in Pyjamas,9,211,30,1.21,,1.16
1333,Xizt,Ninjas in Pyjamas,9,211,32,1.25,,1.15
1333,gla1ve,3DMAX,3,73,7,1.13,,1.15
1333,Xyp9x,Dignitas,6,141,21,1.26,,1.15
1333,swag,Complexity,6,150,15,1.14,,1.13
1333,ScreaM,Titan,3,74,12,1.28,,1.13
1333,kUcheR,HellRaisers,5,140,10,1.11,,1.12
1333,dennis,LGB,8,219,24,1.17,,1.12
1333,topguN,Vox Eminor,2,52,2,1.05,,1.11
1333,device,Dignitas,6,141,7,1.07,,1.1
1333,apEX,LDLC,5,124,1,1.01,,1.07
1333,starix,Natus Vincere,2,53,6,1.18,,1.05
1333,KRIMZ,LGB,8,219,-1,0.99,,1.04
1333,dupreeh,Dignitas,6,141,11,1.12,,1.04
1333,LEGIJA,MOUZ,2,46,-1,0.97,,1.04
1333,kennyS,Clan-Mystik,3,79,6,1.11,,1.03
1333,DaZeD,iBUYPOWER,2,53,2,1.05,,1.03
1333,Maniac,LDLC,5,124,-1,0.99,,1.02
1333,karrigan,Reason,3,74,-2,0.96,,1.02
1333,smF,Reason,3,74,-1,0.98,,1.01
1333,JW,fnatic,6,164,6,1.05,,1.01
1333,friberg,Ninjas in Pyjamas,9,211,0,1.0,,1.01
1333,Happy,LDLC,5,124,2,1.02,,1.01
1333,EXR,Reason,3,74,-4,0.93,,1.0
1333,Zeus,Natus Vincere,2,53,-2,0.95,,0.99
1333,olofmeister,LGB,8,219,2,1.01,,0.99
1333,kioShiMa,Clan-Mystik,3,79,0,1.0,,0.97
1333,Fifflaren,Ninjas in Pyjamas,9,211,1,1.01,,0.96
1333,Edward,Natus Vincere,2,53,-1,0.97,,0.96
1333,markeloff,HellRaisers,5,140,-4,0.96,,0.95
1333,AZR,Vox Eminor,2,52,-4,0.9,,0.93
1333,twist,LGB,8,219,-12,0.92,,0.92
1333,SnypeR,Vox Eminor,2,52,-4,0.9,,0.92
1333,raalz,3DMAX,3,73,-5,0.9,,0.92
1333,seized,Natus Vincere,2,53,-3,0.91,,0.91
1333,MSL,3DMAX,3,73,-9,0.84,,0.91
1333,Pimp,3DMAX,3,73,-4,0.92,,0.91
1333,adreN,iBUYPOWER,2,53,-3,0.91,,0.89
1333,SmithZz,Titan,3,74,-7,0.87,,0.88
1333,NBK-,Titan,3,74,-7,0.86,,0.88
1333,Friis,Reason,3,74,-8,0.84,,0.87
1333,GuardiaN,Natus Vincere,2,53,-7,0.81,,0.86
1333,cype,LGB,8,219,-21,0.86,,0.86
1333,TaZ,Virtus.pro,9,235,-19,0.87,,0.85
1333,Havoc,Vox Eminor,2,52,-7,0.82,,0.85
1333,n0thing,Complexity,6,150,-14,0.87,,0.84
1333,Hiko,Complexity,6,150,-15,0.86,,0.84
1333,SEMPHIS,Complexity,6,150,-20,0.84,,0.84
1333,anger,iBUYPOWER,2,53,-11,0.73,,0.83
1333,ANGE1,HellRaisers,5,140,-16,0.84,,0.82
1333,AZK,iBUYPOWER,2,53,-7,0.83,,0.82
1333,Skadoodle,iBUYPOWER,2,53,-8,0.79,,0.81
1333,seang@res,Complexity,6,150,-24,0.79,,0.8
1333,GMX,Clan-Mystik,3,79,-14,0.78,,0.8
1333,Sf,Clan-Mystik,3,79,-14,0.77,,0.8
1333,aizy,3DMAX,3,73,-12,0.77,,0.8
1333,chrisJ,MOUZ,2,46,-8,0.79,,0.79
1333,pronax,fnatic,6,164,-29,0.74,,0.78
1333,Ex6TenZ,Titan,3,74,-10,0.78,,0.77
1333,FeTiSh,Dignitas,6,141,-32,0.68,,0.77
1333,Devilwalk,fnatic,6,164,-29,0.73,,0.76
1333,AdreN,HellRaisers,5,140,-31,0.69,,0.75
1333,HaRts,Clan-Mystik,3,79,-15,0.74,,0.75
1333,cadiaN,MOUZ,2,46,-14,0.63,,0.72
1333,KQLY,LDLC,5,124,-40,0.61,,0.69
1333,LOMME,Reason,3,74,-21,0.62,,0.67
1333,Uzzziii,LDLC,5,124,-43,0.57,,0.65
1333,tiziaN,MOUZ,2,46,-19,0.51,,0.54
1333,tabseN,MOUZ,2,46,-22,0.42,,0.46
1333,SPUNJ,Vox Eminor,2,52,-28,0.38,,0.44
1270,JW,fnatic,10,243,59,1.39,,1.26
1270,COLON,Reason,3,75,18,1.41,,1.25
1270,Snax,UniversalSoldiers,3,74,13,1.26,,1.22
1270,Hiko,Complexity,7,173,33,1.29,,1.21
1270,znajder,fnatic,10,243,48,1.31,,1.2
1270,flusha,fnatic,10,243,44,1.29,,1.19
1270,Xyp9x,CPH Wolves,5,121,15,1.2,,1.18
1270,seized,Natus Vincere,2,54,6,1.14,,1.18
1270,dennis,LGB,6,155,26,1.29,,1.16
1270,Nico,CPH Wolves,5,121,20,1.29,,1.14
1270,f0rest,Ninjas in Pyjamas,11,269,38,1.24,,1.13
1270,SmithZz,VeryGames,9,222,14,1.09,,1.11
1270,GeT_RiGhT,Ninjas in Pyjamas,11,269,25,1.14,,1.11
1270,cadiaN,Xapso,2,45,3,1.1,,1.1
1270,Maniac,Recursive,6,162,7,1.06,,1.1
1270,n0thing,Complexity,7,173,14,1.12,,1.1
1270,friberg,Ninjas in Pyjamas,11,269,30,1.17,,1.1
1270,shox,VeryGames,9,222,19,1.14,,1.08
1270,Happy,Recursive,6,162,10,1.09,,1.08
1270,SEMPHIS,Complexity,7,173,18,1.16,,1.08
1270,AdreN,Astana Dragons,6,155,6,1.05,,1.07
1270,twist,SK,2,46,2,1.06,,1.06
1270,EXR,Reason,3,75,7,1.15,,1.05
1270,dupreeh,CPH Wolves,5,121,6,1.07,,1.04
1270,olofmeister,LGB,6,155,9,1.08,,1.04
1270,markeloff,Astana Dragons,6,155,10,1.1,,1.03
1270,pashaBiceps,UniversalSoldiers,3,74,5,1.1,,1.03
1270,SKYTTEN,LGB,6,155,6,1.06,,1.03
1270,Maikelele,LGB,6,155,6,1.06,,1.02
1270,raalz,n!faculty,3,67,1,1.02,,1.01
1270,Dosia,Astana Dragons,6,155,5,1.05,,1.01
1270,apEX,Clan-Mystik,3,70,0,1.0,,1.01
1270,KQLY,Clan-Mystik,3,70,-4,0.92,,1.01
1270,Xizt,Ninjas in Pyjamas,11,269,14,1.08,,1.01
1270,NEO,UniversalSoldiers,3,74,2,1.04,,0.99
1270,FeTiSh,CPH Wolves,5,121,4,1.05,,0.99
1270,Ex6TenZ,VeryGames,9,222,4,1.03,,0.97
1270,Fifflaren,Ninjas in Pyjamas,11,269,1,1.01,,0.96
1270,ANGE1,Astana Dragons,6,155,-13,0.88,,0.96
1270,NBK-,VeryGames,9,222,-11,0.93,,0.93
1270,DaZeD,iBUYPOWER,2,49,-4,0.88,,0.93
1270,kennyS,Recursive,6,162,-9,0.92,,0.93
1270,karrigan,n!faculty,3,67,-3,0.94,,0.92
1270,ScreaM,VeryGames,9,222,-11,0.93,,0.92
1270,swag,Complexity,7,173,-7,0.94,,0.92
1270,KRIMZ,LGB,6,155,-11,0.89,,0.92
1270,aizy,Xapso,2,45,-3,0.91,,0.92
1270,GMX,Recursive,6,162,-16,0.86,,0.91
1270,Devilwalk,fnatic,10,243,-7,0.95,,0.91
1270,pronax,fnatic,10,243,-10,0.94,,0.91
1270,device,CPH Wolves,5,121,-9,0.89,,0.9
1270,Delpan,SK,2,46,-8,0.79,,0.89
1270,smF,Reason,3,75,-7,0.86,,0.87
1270,byali,UniversalSoldiers,3,74,-8,0.83,,0.87
1270,Uzzziii,Recursive,6,162,-25,0.79,,0.86
1270,gla1ve,n!faculty,3,67,-8,0.82,,0.85
1270,Pimp,n!faculty,3,67,-7,0.85,,0.84
1270,MSL,Reason,3,75,-12,0.8,,0.83
1270,LOMME,Reason,3,75,-11,0.78,,0.83
1270,ceh9,Natus Vincere,2,54,-6,0.83,,0.82
1270,cajunb,n!faculty,3,67,-7,0.84,,0.82
1270,anger,iBUYPOWER,2,49,-11,0.72,,0.8
1270,kUcheR,Astana Dragons,6,155,-28,0.76,,0.8
1270,AZK,iBUYPOWER,2,49,-13,0.68,,0.79
1270,centeks,Xapso,2,45,-9,0.73,,0.78
1270,Skadoodle,iBUYPOWER,2,49,-9,0.76,,0.76
1270,seang@res,Complexity,7,173,-33,0.73,,0.76
1270,Zeus,Natus Vincere,2,54,-14,0.69,,0.74
1270,kioShiMa,Clan-Mystik,3,70,-17,0.66,,0.74
1270,TaZ,UniversalSoldiers,3,74,-17,0.69,,0.72
1270,adreN,iBUYPOWER,2,49,-12,0.67,,0.72
1270,ultra,Xapso,2,45,-14,0.58,,0.65
1270,pita,SK,2,46,-16,0.58,,0.62
1270,tonyblack,Natus Vincere,2,54,-19,0.59,,0.6
1270,ioRek,Clan-Mystik,3,70,-24,0.56,,0.6
1270,HaRts,Clan-Mystik,3,70,-22,0.55,,0.59
1270,xelos,SK,2,46,-17,0.55,,0.54
1270,starix,Natus Vincere,2,54,-22,0.5,,0.52
1270,MODDII,SK,2,46,-22,0.39,,0.51
1270,robiin,Xapso,2,45,-26,0.26,,0.4
